name,price,status,shipping,free_returns,items_sold
"HP X360 11 G6 11.6"" Touchscreen Laptop Core i3 8GB RAM 128GB SSD Windows 11 WiFiOpens in a new window or tab",17978,Excellent - Refurbished ·HP,0,True,301
"Dell Latitude 14"" Laptop Computer Intel i5 Up To 32GB RAM 1TB SSD Windows 11 ProOpens in a new window or tab",26373,Genuine Windows 11 OS! Great Condition! Fast Shipping!,0,True,
Lenovo 11e Yoga Gen 6 Touchscreen 2-in-1 Laptop Intel 4GB RAM 256GB SSD Win 11Opens in a new window or tab,12899,Good - Refurbished ·Lenovo,0,True,455
Dell Latitude Laptop 11.6” HD 8GB RAM 128GB SSD Intel Pentium Silver Win 11 WiFiOpens in a new window or tab,14804,Good - Refurbished ·Dell,0,True,479
"Acer Swift Go 14"" Laptop Intel Core Ultra 7 155H 16GB RAM 1TB SSD RefurbishedOpens in a new window or tab",39999,Certified - Refurbished ·Acer ·1 TB,0,True,3182
"Acer Aspire AI 14"" Touch Laptop Intel Core Ultra 5 16GB RAM 1TB SSD RefurbishedOpens in a new window or tab",39999,Certified - Refurbished ·Acer,0,True,1352
"New ListingHP Elitebook 840 G6 Core i5-8365U @1.60GHz, 16GB , 256GB SSD,  WCam Win 11 CordOpens in a new window or tab",13500,Pre-Owned ·HP ·256 GB,13500,False,19
"Dell Chromebook 3100 (11.6"", Intel Celeron, 4GB RAM, 16GB, ChromeOS)  NO ChargerOpens in a new window or tab",2599,Pre-Owned ·Dell,0,False,922
"HP ProBook X360 11 G6 11.6"" Touchscreen Laptop Core i3 8GB RAM 128GB SSD Win 11Opens in a new window or tab",16736,Good - Refurbished ·HP,0,True,303
"2026 Lenovo IdeaPad Laptop Notebook 15.6"" Intel Processor Up to 20GB RAM 1TB SSDOpens in a new window or tab",28900,✅Free Office 365 ✅8GB|12GB|20GB RAM ✅512GB|1TB SSD,0,True,
"NIMO15.6"" Laptop Intel Pentium Quad Core N100 8GB Memory 128GB SSD FingerprintOpens in a new window or tab",15999,Open Box ·128 GB,0,True,154
"Dell Latitude 7390 13.3"" Touch 2-in-1 Laptop Core i7 16GB RAM 512GB SSD Win 11Opens in a new window or tab",30374,Good - Refurbished ·Dell,0,True,195
"Acer Aspire 3 A315-24PT-R288 15.6"" Laptop Full HD AMD 16GB RAM 1TB SSDOpens in a new window or tab",33999,Certified - Refurbished ·Acer,0,True,177
Dell Latitude 7420 14” FHD Touch Laptop Core i7 16GB RAM 512GB SSD Win 11 ProOpens in a new window or tab,37232,Excellent - Refurbished ·Dell,0,True,50
"Lenovo ThinkPad L13 Yoga Touch Laptop Core i5 13.3"" 8GB RAM 128GB SSD Windows 11Opens in a new window or tab",19698,Good - Refurbished ·Lenovo,0,True,566
Dell Latitude 3120 2-in-1 Touch Laptop Intel Pentium 4GB RAM 128GB SSD Win 11Opens in a new window or tab,12830,Good - Refurbished ·Dell,0,True,1184
"2026 ASUS Vivobook Laptop 16"" Intel i7-1355U, Up to 40GB RAM 2TB SSD, Win 11 ProOpens in a new window or tab",49900,✅16GB|24GB|40GB ✅Fast Shipping ✅Lifetime MS Office 2024,0,True,
15.6 Student Laptop Intel Pentium Quad Core N100 8GB RAM 256GB SSD WiFi 6 Win 11Opens in a new window or tab,17999,Open Box ·256 GB,0,True,56
Acer Chromebook 514 14 NB FHD Intel i3-N305 8GB RAM 512GB SSD RefurbishedOpens in a new window or tab,19999,Certified - Refurbished ·Acer,0,True,1153
"Dell Latitude 5289 2-in-1 12.3"" i5-7600U@2.8GHz, 8GB RAM, 256GB, Win 11 ProOpens in a new window or tab",16999,Pre-Owned ·Dell ·256 GB,0,False,148
"Lenovo - IdeaPad 1 15.6"" Full HD Laptop - AMD Ryzen 5 7520U 2022 - 8GB Memory...Opens in a new window or tab",,Brand New ·Lenovo,0,False,485
"New ListingDell Latitude 5420 14"" Intel i7 16GB Ram 512GB SSD Windows 11 Pro LaptopOpens in a new window or tab",18000,Pre-Owned ·Dell ·512 GB,0,False,
"LENOVO Ideapad 14W, 81MQ, Touchscreen, AMD A6-9220C, 8GB RAM, 256GB, WIN 11 OSOpens in a new window or tab",12400,Pre-Owned ·Lenovo ·256 GB,12400,False,353
"ASUS ROG Ally 7"" 120Hz FHD Touch AMD Ryzen Z1 16GB 512GB SSD W11H Gaming ConsoleOpens in a new window or tab",44999,Certified - Refurbished ·ASUS,0,True,562
"15.6"" FHD Laptop 16GB RAM 512GB SSD Intel Celeron N5095 Win 11 Pro Backlit KBOpens in a new window or tab",14249,Pre-Owned ·Unbranded ·512 GB,0,True,12
"HP 15.6"" FHD Laptop, 6-Core Intel i3 Up to 4.4GHz 32GB RAM & 1TB SSD, Win 11 ProOpens in a new window or tab",36900,Brand New,0,True,
"HP 17.3"" FHD Business Laptop, Intel i7-1355U, 16GB RAM, 2TB StorageOpens in a new window or tab",24500,Brand New ·HP ·2 TB,0,True,
"Dell Latitude 5420 14 inch Laptop, Intel Core i7, 16GB RAM, 256GB SSD, Win11 ProOpens in a new window or tab",29100,Pre-Owned ·Dell,0,True,
"Lenovo ThinkPad L13 Yoga 13"" Touch Laptop Core i5 8GB RAM 256GB SSD Win 11 ProOpens in a new window or tab",21999,Good - Refurbished ·Lenovo,0,True,159
"Samsung Chromebook 11.6"" (32GB SSD, Intel Celeron Processor N4000, 1.10 GHz, 4GBOpens in a new window or tab",23000,Pre-Owned ·Samsung ·32 GB,,False,
"Dell Latitude 5411 14"" Laptop, Intel Core i7, 16GB RAM, 256GB SSD, Win11 Pro. (ROpens in a new window or tab",26600,Pre-Owned ·Dell,0,True,
"Lenovo ThinkPad Yoga 11e Touchscreen 11.6"" Laptop Intel 4GB RAM 256GB SSD Win 11Opens in a new window or tab",10359,Good - Refurbished ·Lenovo,0,True,950
"14"" Lenovo ThinkPad Laptop: Intel i5! 16GB RAM - 512GB SSD! Webcam! Zorin O.S!Opens in a new window or tab",16153,Stop Planned Obsolescence w Zorin OS! 1 Year Warranty!,0,True,197
"Dell Latitude 3189 11.6"" 2-in-1 Touch Laptop Celeron 4GB 64GB SSD Windows 11 !!Opens in a new window or tab",8500,Full Touchscreen  /  Complete with Charger / FAST,0,True,238
"HP Chromebook X360 11 G1 EE N3350 1.1ghz 4GB 32GB 11.6"" Touch 2-in-1 Laptop READOpens in a new window or tab",3800,Pre-Owned ·HP ·32 GB,0,False,133
"Acer Nitro V 15 15.6"" Laptop i5-13420H 16GB RAM 512GB SSD RTX 5050 RefurbishedOpens in a new window or tab",64999,Certified - Refurbished ·Acer,0,True,19
"HP EliteBook 14"" Touchscreen, Core i7‑10710U 3.0GHz, 32GB RAM, 512GB SSD, WIN11POpens in a new window or tab",39999,Excellent - Refurbished ·HP ·512 GB,0,True,
"HP ProBook x360 11 G2 EE 11.6"" Intel Celeron N4000 4GB RAM 32GB | VERY GOOD |Opens in a new window or tab",4999,Very Good - Refurbished ·HP,0,True,54
Dell Latitude 5420 Laptop 14” FHD Intel Core i7 16GB RAM 256GB SSD Windows 11Opens in a new window or tab,28783,Good - Refurbished ·Dell,0,True,204
Dell Latitude 15.6” FHD Laptop Intel Core i7 32GB RAM 512GB SSD Windows 11 ProOpens in a new window or tab,44104,Good - Refurbished ·Dell,0,True,
"Windows 7 PRO Laptop Notebook PC Computer Dual core, 4GB Ram, 250GB HD DVD/CDOpens in a new window or tab",12999,Pre-Owned ·250 GB,0,True,700
"ASUS Vivobook 14"" FHD i5-120U 16GB 1TB SSD WiFi6 Win11 LaptopOpens in a new window or tab",23456,Brand New ·ASUS ·1 TB,0,False,
"Acer Nitro V 15.6"" Laptop i5-13420H 16GB RAM 512GB SSD 8GB RTX 5050 RefurbishedOpens in a new window or tab",69999,Certified - Refurbished ·Acer,0,True,168
HP Laptop Computer PC Workstation Gaming Core I7 32GB 1TB Windows 11 PRO OFFICE!Opens in a new window or tab,25999,Microsoft Office 2021 - One Year Warranty - HDMI - USBC,0,False,
"MSI Katana 15 HX B14WEK-001US 15.6"" Gaming Laptop i7-14650HX 5050 16GB 512GBOpens in a new window or tab",79900,2-Year Extended Warranty Serviced by Allstate,0,True,203
"Lenovo 15.3"" FHD+ Laptop Computer, Intel 8-Core i5-13420H, 16GB DDR4 RAM, 512GBOpens in a new window or tab",22000,Brand New ·Lenovo ·512 GB,0,False,
"Lenovo ThinkPad T480 14"" HD i5 8250u 16GB 256gb NVME WIFI CAM WIN 11 PRO laptopOpens in a new window or tab",29999,Excellent - Refurbished ·Lenovo ·256 GB,0,True,1240
"Acer Aspire 15.6"" FHD i7-1255U 16GB 512GB SSD Iris Xe Win11 LaptopOpens in a new window or tab",25699,Brand New ·Acer ·512 GB,0,False,
"RNRUO 15.6"" Windows 11 Laptop, Dual 8GB RAM, 256GB SSD, AMD 3020e with 2 Cores uOpens in a new window or tab",15400,Brand New ·AMD,0,False,
"14"" Lenovo ThinkPad Laptop PC: 16GB RAM! 256GB SSD! Intel i5! Zorin Core EditionOpens in a new window or tab",14000,Stop Planned Obsolescence! Try risk free for 30 days!,0,True,401
2026 HP Laptop Notebook 15.6 Touch Office 2024 AMD Ryzen 5 8GB RAM 512GB SSD ProOpens in a new window or tab,38900,✅Pro+Lifetime Office 2024 ✅Touchscreen ✅ Al Copilot,0,True,
"Dell Latitude 5420 14"" Touch Laptop i5-1145G7 16GB RAM 256GB SSD Windows 11 ProOpens in a new window or tab",19895,Pre-Owned ·Dell ·256 GB,0,False,443
"Acer Swift Go 14"" AI Laptop Qualcomm Snapdragon X+ 16GB RAM 1TB SSD RefurbishedOpens in a new window or tab",45999,Certified - Refurbished ·Acer,0,True,
"Dell Latitude 7490 14"" Laptop i5 8th Gen 128GB SSD 16GB RAM Win 11 Pro (CI)Opens in a new window or tab",16995,Very Good - Refurbished ·Dell,0,True,
"HP 15-FD0083WM 15.6"" HD Pentium N200 1.8GHz Intel UHD Graphics 4GB RAM 128GB SSDOpens in a new window or tab",12950,Win 11 Home Scarlet Red,0,True,1645
Dell Chromebook 3100 2in1 Touch Screen Intel Celeron 4GB RAM 32GB Touchscreen !!Opens in a new window or tab,4628,INCLUDES CHARGER!!! COMPLETE - OEM - TESTED WORKING,0,False,563
"Dell Touchscreen Chromebook 3100 11"" Celeron 1.1GHz/4GB/32GB P30T001 w/WarrantyOpens in a new window or tab",5900,Good - Refurbished ·Dell,0,True,1158
"14"" DELL Latitude Laptop: Intel i5! 8GB RAM! 256GB SSD! Zorin Core Edition!Opens in a new window or tab",13000,Stop Planned Obsolescence w Zorin OS! 1 Year Warranty!,0,True,394
Dell Latitude 5420 14” FHD Intel i5 11th Gen 16GB RAM 512GB NVMe SSD Windows 11Opens in a new window or tab,26648,Good - Refurbished ·Dell,0,True,187
Dell Latitude 7390 Laptop 13.3” Core i7 16GB RAM 256GB SSD Windows 11 Pro HDMIOpens in a new window or tab,26850,Very Good - Refurbished ·Dell,0,True,311
Dell Latitude 14 Rugged 7424 Laptop  i5-8350U 16GB 1TB ORANGE TOUCH  IP 65 RATEDOpens in a new window or tab,84444,EXCELLENT CONDITION  WIN 11,84444,False,
"Dell Latitude 14"" FHD Laptop Quad-Core i7 4.2GHz 16GB RAM 256GB SSD Windows 11Opens in a new window or tab",25562,Very Good - Refurbished ·Dell,0,True,194
"15.6"" DELL Latitude Laptop: i7-8650U (16GB RAM - 256GB NVME SSD) Windows 11 ProOpens in a new window or tab",32438,Backlit Keyboard! Windows 11 Pro! 1920 x 1080P,0,True,636
Dell Latitude Laptop 14” Intel Core i5 16GB RAM 256GB SSD Windows 11 WiFi HDMIOpens in a new window or tab,23792,Good - Refurbished ·Dell,0,True,217
"14"" Lenovo ThinkPad Laptop: Intel i5! 16GB RAM - 512GB SSD! Webcam! Zorin O.S!Opens in a new window or tab",16153,Stop Planned Obsolescence w Zorin OS! 1 Year Warranty!,0,True,197
"NIMO 15.6"" FHD Ryzen 7 7735HS 16GB 1TB SSD Radeon 680M Gaming LaptopOpens in a new window or tab",20000,Brand New ·1 TB,0,False,
ASUS - Zenbook S 16 163K OLED Touch Screen Laptop - Copilot+ PC - AMD Ryzen...Opens in a new window or tab,,Brand New ·ASUS,0,False,303
"Dell Chromebook 3100 (11.6"", Intel Celeron, 4GB RAM, 16GB, ChromeOS)  NO ChargerOpens in a new window or tab",2599,Pre-Owned ·Dell,0,False,922
"2026 15.6 inch Laptop 16GB+512GB Windows 11 Computers  WiFi, Bluetooth, Type-COpens in a new window or tab",22900,Brand New,0,True,
New ListingSONY VAIO Type P VGN-P70H Intel Atom Z520 HDD 60GB RAM 2GBOpens in a new window or tab,18000,Pre-Owned ·Sony ·60 GB,18000,False,
"NIMO 15.6"" FHD Ryzen 5 32GB RAM 1TB SSD Fingerprint Backlit Win11 LaptopOpens in a new window or tab",20000,Brand New ·532 GB,0,False,
"ACEMAGIC 15.6"" FHD Laptop Intel 12th Alder Lake N97 16GB RAM 512GB refurbishedOpens in a new window or tab",19999,Certified - Refurbished ·Acemagic,0,True,
"RNRUO 15.6"" Windows 11 Laptop, Dual 8GB RAM, 256GB SSD, AMD 3020e with 2 Cores uOpens in a new window or tab",15400,Brand New ·AMD,0,False,
"~OVERSTOCK SALE~ 15.6"" FHD DELL Laptop PC: i7-8665U (16GB RAM, 256GB NVME SSD)Opens in a new window or tab",32438,Windows 11 Pro! Backlit Keyboard! 1 Year Warranty,0,True,13
Dell Latitude 14 Rugged 7424 Laptop  i5-8350U 16GB 1TB BLACK TOUCH  IP 65 RATEDOpens in a new window or tab,84444,EXCELLENT CONDITION  WIN 11,84444,False,
"Microsoft Surface Laptop 7 - 13"" Snapdragon X Plus 256GB 16GB Silver - ExcellentOpens in a new window or tab",74399,Pre-Owned ·Microsoft ·256 GB,74399,False,
New ListingDell inspiron 15 3515 AMD Ryzen 5 3450U 2.10Ghz 8Gb 128Gb SSD 15.6 Charger Win11Opens in a new window or tab,13000,Pre-Owned ·Dell,0,False,
"HP OmniBook X AI 14-fe0013dx 14"" Touch Elite X1E-78-100 16GB 1TB SSD W11 LaptopOpens in a new window or tab",49399,Very Good - Refurbished ·HP,0,True,90
"Microsoft Surface Laptop 3, 13.5"" Touch, Intel i7, 16GB RAM, 256GB SSD - BlackOpens in a new window or tab",30999,Open Box ·Microsoft,0,True,154
"Dell Inspiron 15 15.6"" Touchscreen Laptop AMD Ryzen 7 7730U 16GB RAM 512GB SSDOpens in a new window or tab",40999,Open Box ·Dell ·512 GB,0,False,
"Acer Aspire 15.6"" FHD i7-1255U 16GB 512GB SSD Iris Xe Win11 LaptopOpens in a new window or tab",25699,Brand New ·Acer ·512 GB,0,False,
"Dell 14"" FHD Laptop Intel Quad Core i7 4.20GHz 32GB RAM 2TB SSD Windows 11 ProOpens in a new window or tab",24899,📦 Fast Shipping ✨ Customize RAM+SSD ⚡️ Plug and Play,0,True,
HP 15.6 Touchscreen Laptop Computer • 2026 Edition • Intel 13th Gen i3-1315U CPUOpens in a new window or tab,20000,Brand New,20000,False,
"HP Chromebook X360 11 G1 EE N3350 1.1ghz 4GB 32GB 11.6"" Touch 2-in-1 Laptop READOpens in a new window or tab",3800,Pre-Owned ·HP ·32 GB,0,False,133
"HP EliteBook 845 G10 14"" Laptop, Ryzen 5 Pro 7, 16GB, 512GB SSD, Win11 ProOpens in a new window or tab",39999,Excellent - Refurbished ·HP ·512 GB,0,True,
"Dell Inspiron 15 15.6"" FHD Touch  AMD Ryzen 7 7730U, 16GB 512GB SSD,Win11 LaptopOpens in a new window or tab",34999,Very Good - Refurbished ·Dell ·512 GB,0,True,
"Acer Aspire 3 A315-24PT-R288 15.6"" Laptop Full HD AMD 16GB RAM 1TB SSDOpens in a new window or tab",33999,Certified - Refurbished ·Acer,0,True,177
"Dell Latitude 5420 14"" i5-1145G7 16GB Ram 256GB SSD Windows 11 Pro Laptop TouchOpens in a new window or tab",19995,Pre-Owned ·Dell ·256 GB,0,False,698
Lenovo Yoga 11e Touchscreen 2-in-1 Laptop Pentium 4GB RAM 256GB SSD Windows 11Opens in a new window or tab,11999,Good - Refurbished ·Lenovo,0,True,1064
Dell Latitude 5421 14” FHD Laptop Core i7 4.8GHz 16GB RAM 1TB SSD Windows 11Opens in a new window or tab,37431,Good - Refurbished ·Dell,0,True,
Dell Latitude 7340 13.3” FHD Laptop Core i5 4.7GHz 16GB RAM 128GB SSD Win 11 ProOpens in a new window or tab,31999,Excellent - Refurbished ·Dell,0,True,91
Auusda laptop 15.6'' Intel Alder N95 16GB RAM 1TB SSD W11 PRO Silver FingerprintOpens in a new window or tab,47499,Brand New,0,True,
"New ListingLenovo IdeaPad 5 14ALC05 14"" Notebook Ryzen 7 5700U, 8GB, 512GBOpens in a new window or tab",21999,Parts Only ·Lenovo ·512 GB,0,False,
Panasonic Toughbook CF-33 Core i5 7300U 2.6GHz 16GB 256gb NVME SSD W11 Pro LTEOpens in a new window or tab,37999,Good - Refurbished ·Panasonic,0,True,54
"New ListingDell Precision 5510, Nvidia M1000M, i7-6820HQ, 12GB - 256 NVMe + 128 Win 11 ProOpens in a new window or tab",19900,Pre-Owned ·Dell,0,False,
HP Elitebook 840 G8  i7-11651G7  2.8GHz 16 GB RAM 512 GB SSD LaptopOpens in a new window or tab,29999,Pre-Owned ·HP ·512 GB,0,True,373
"Dell 15.6"" NVIDIA Gaming Laptop - Intel Quad Core i7 64GB RAM 4TB SSD Windows 11Opens in a new window or tab",28999,Out of Box Ready + 1 Year Warranty! Customize RAM & SSD,0,True,
"Lenovo - IdeaPad 1 15.6"" Full HD Laptop - AMD Ryzen 5 7520U 2022 - 8GB Memory...Opens in a new window or tab",,Brand New ·Lenovo,0,False,485
"15.6"" FHD DELL Latitude Laptop: i7-8665U 8GB RAM, 256GB NVME SSD! Windows 11 ProOpens in a new window or tab",27080,Windows 11 Pro! Backlit Keyboard! 1 Year Warranty,0,True,
Dell Latitude 5590 Laptop 15.6” FHD Core i7 16GB RAM 256GB SSD Windows 11 HDMIOpens in a new window or tab,31172,Good - Refurbished ·Dell,0,True,216
"Dell 16"" Touch Laptop, Intel 10‑Core 7 150U, 16:10 2K Touch, 16GB,1TB,Win11ProOpens in a new window or tab",37900,Brand New ·Dell ·1 TB,0,False,
"Acer Aspire 14 AI Laptop 14"" WUXGA IPS Intel Core Ultra 7+ARC 16GB RAM 1TB SSDOpens in a new window or tab",52999,Brand New ·Acer ·1 TB,0,True,
"New ListingLenovo Legion Y700 Gen 4 (2025) 16GB RAM, 512GB Storage, BlackOpens in a new window or tab",85000,Open Box ·Lenovo,85000,False,
Dell Latitude 7400 14 FHD  Intel i7-8665U 16GB 256GB SSD Win 11 Pro LaptopOpens in a new window or tab,18999,Pre-Owned ·Dell ·256 GB,0,True,
Panasonic  CF-31   MK5  5th GEN Core i5  WIN11 PRO  16GB 500GB SSD WWAN  BLACKOpens in a new window or tab,37777,BLACK LID,37777,False,
"Acer Swift Go 14"" AI Laptop Qualcomm Snapdragon X+ 16GB RAM 1TB SSD RefurbishedOpens in a new window or tab",45999,Certified - Refurbished ·Acer,0,True,
"NIMO15.6"" Laptop Intel Pentium Quad Core N100 8GB Memory 128GB SSD FingerprintOpens in a new window or tab",15999,Open Box ·128 GB,0,True,154
"Acer Swift 14 AI Laptop 14.5"" Snapdragon X Elite 16GB RAM 1TB SSD RefurbishedOpens in a new window or tab",51199,Official Acer Recertified Store (Certified Refurbished),0,True,
"Dell Latitude 7420 14"" Laptop i5-1145G7 2.6GHz 16GB DDR4 256GB NVMe  W11 TOUCHOpens in a new window or tab",17999,Pre-Owned ·Dell,0,False,90
"Microsoft Surface Pro 11 13"" Snapdragon X Plus 16GB 512GB Touch Win11 BlackOpens in a new window or tab",43399,Brand New ·Microsoft ·512 GB,0,False,
Hp Elitebook 840 G3 Laptop Intel Core i5-6300U 8GB Ram 256GB SSD W11POpens in a new window or tab,13999,Good - Refurbished ·HP,0,True,
"ASUS Vivobook 14"" FHD Laptop Intel Core i3 8GB RAM 128GB SSD Quiet Blue - NewOpens in a new window or tab",22200,Brand New,0,True,
"Dell 15.6"" Touchscreen Laptop Windows 11 Intel Core i5 4.40 GHz 32GB RAM 1TB SSDOpens in a new window or tab",27999,🚩1920x1080 FHD Touchscreen! Pick your RAM & SSD size🚩,0,True,
"Dell Chromebook 3100 2-in-1 11.6"" Touchscreen Laptop 4GB RAM 32GB SSD WiFi WebcaOpens in a new window or tab",7698,Excellent - Refurbished ·Dell ·32 GB,0,True,
"Kali Linux Netbook Laptop HP 11.6""  Intel 2.16 GHz 4GB RAM 16GB SSD USB Bumper-BOpens in a new window or tab",4299,Pre-Owned ·HP ·16 GB,0,True,187
"Gateway 14"" Chromebook 314 4GB RAM 128GB SSD Intel Celeron N4500 UHD RefurbishedOpens in a new window or tab",8999,Certified - Refurbished ·Acer ·128 GB,0,True,200
"New Listing[GREAT CONDITION] Dell Precision 5570 15.6"" I7-12700H, 32GB RAM, 512GB SSDOpens in a new window or tab",55000,Pre-Owned ·Dell ·512 GB,55000,False,
Dell Latitude 5290 2-n-1 Tablet i5-8350U 256GB SSD 16GB DDR3 Black-C/S2-ReadOpens in a new window or tab,6900,Pre-Owned ·Dell ·256 GB,0,True,
"Dell Latitude 7430 14"" Laptop Intel i7 4.8GHz 16GB RAM 512GB SSD Windows 11 ProOpens in a new window or tab",40999,Good - Refurbished ·Dell,0,True,
"2026 Lenovo IdeaPad Laptop 15.6"" 1-Yr MS 365 Intel Dual-Core 12GB RAM 384GB SSDOpens in a new window or tab",32900,✅Free MS Office 365 ✅Fast Shipping ✅On Sale & Warranty,0,True,
"Dell Latitude 7420 14"" i7-1165G7 16GB 512GB SSD FHD Win11 Pro Backlit KeyboardOpens in a new window or tab",37999,Excellent - Refurbished ·Dell ·512 GB,0,True,
"Dell Latitude 14"" Laptop PC Intel i5 Quad-Core 16GB RAM 256GB SSD Windows 11Opens in a new window or tab",21555,Good - Refurbished ·Dell ·256 GB,0,True,106
"2026 ASUS Laptop Vivobook 16"" 13 Gen Intel i7 Up to 40GB RAM 2TB SSD Win 11 ProOpens in a new window or tab",47900,✅16GB|24GB|40GB ✅1TB|2TB ✅Lifetime 2024 Office Pro,0,True,
2026 Lenovo Business Laptop 15.6 8-Core Ryzen 7 Upto 40GB RAM 2TB SSD Office ProOpens in a new window or tab,47900,✅Lifetime Office 2024+Win 11 Pro ✅Fast Shipping On Sale,0,True,
"Dell Latitude 7490 14"" Laptop i5 8th Gen 128GB SSD 16GB RAM Win 11 Pro (CI)Opens in a new window or tab",16995,Very Good - Refurbished ·Dell,0,True,
"Laptop 16GB RAM 512GB SSD 17.3"" Intel Celeron N5095 Backlit KB Win11 Pro(Used)Opens in a new window or tab",18599,Pre-Owned ·Unbranded ·512 GB,0,True,33
"Lenovo ThinkPad T480 14"" HD i5 8250u 16GB 256gb NVME WIFI CAM WIN 11 PRO laptopOpens in a new window or tab",29999,Excellent - Refurbished ·Lenovo ·256 GB,0,True,1240
"ACEMAGIC 15.6"" Laptop Intel 12th Alder Lake N95 16GB RAM 512GB WIFI5 Windows 11Opens in a new window or tab",17900,Pre-Owned ·Acemagic,0,True,16
"ASUS Vivobook 14"" FHD Laptop Intel Core i7-1355U 12GB RAM 512GB SSD - NEWOpens in a new window or tab",40500,Brand New,0,True,
Panasonic Toughbook CF-33 Core i5 7300U 2.6GHz 16GB 256gb NVME SSD W11 Pro LTEOpens in a new window or tab,37999,Good - Refurbished ·Panasonic,0,True,54
"Dell Latitude 7410 14"" i5-10th Gen, 16GB, 256GB NVME SSD, Webcam Windows 11 ProOpens in a new window or tab",20900,Very Good - Refurbished ·Dell ·256 GB,0,True,75
"Acer Swift 16"" AI Copilot+PC OLED Intel Ultra7 256V 16GB RAM 1TB SSD RefurbishedOpens in a new window or tab",65999,Official Acer Recertified Store (Certified Refurbished),0,True,455
"New ListingHP 15-fd0083wm (128GB SSD, Intel Pentium N-Series, 1.80 GHz, 4GB) Laptop - Red -Opens in a new window or tab",12960,Pre-Owned ·HP ·128 GB,12960,False,
"Dell Latitude 7300 13.3"" Business Laptop Core i5 8GB RAM 256GB SSD Windows 11Opens in a new window or tab",19596,Good - Refurbished ·Dell,0,True,64
Dell Latitude 7400 Laptop 14” FHD Intel Core i7 16GB RAM 256GB SSD Win 11 ProOpens in a new window or tab,28237,Very Good - Refurbished ·Dell,0,True,112
"15.6"" Dell Latitude Laptop PC: Intel i7-8650U! 16GB RAM 512GB NVME SSD!Opens in a new window or tab",36188,1 Year Warranty! Fast Shipping! Deluxe Performance!,0,True,
New ListingDell Inspiron 15 3520 1.2 Ghz Gen 12 Intel 8 GB RAM 512 GB NVMe Windows 11Opens in a new window or tab,19999,Pre-Owned ·Dell ·512 GB,19999,False,
"Kali Linux Netbook Laptop HP 11.6""  Intel 2.16 GHz 4GB RAM 16GB SSD USB Bumper-BOpens in a new window or tab",4299,Pre-Owned ·HP ·16 GB,0,True,187
"HP OmniBook X AI 14-fe0013dx 14"" Touch Elite X1E-78-100 16GB 1TB SSD W11 LaptopOpens in a new window or tab",49399,Very Good - Refurbished ·HP,0,True,90
"ASUS Vivobook 14"" FHD i5-120U 16GB 1TB SSD WiFi6 Win11 LaptopOpens in a new window or tab",23456,Brand New ·ASUS ·1 TB,0,False,
HP 15.6 Touchscreen Laptop Computer • 2026 Edition • Intel 13th Gen i3-1315U CPUOpens in a new window or tab,20000,Brand New,20000,False,
"Acer Aspire Go 15 AG15-21PT 15.6"" Laptop 16GB RAM 1TB SSD  AG15-21PT-R8TFOpens in a new window or tab",30299,Very Good - Refurbished ·Acer,0,True,15
HP ProBook x360 11 G1  Intel Pentium N4200 4GB RAM  128GB SSD  **SEE PHOTOS**Opens in a new window or tab,4600,Pre-Owned ·HP ·128 GB,0,False,
"Acer Aspire 14 AI Laptop 14"" WUXGA IPS Intel Core Ultra 7+ARC 16GB RAM 1TB SSDOpens in a new window or tab",52999,Brand New ·Acer ·1 TB,0,True,
"HP OMEN - 16"" 2K 144Hz Gaming Laptop - AMD Ryzen 9 8940HX 2025 - 32GB DDR5 Me...Opens in a new window or tab",,Brand New ·HP,0,False,322
"ACEMAGIC 15.6"" FHD Laptop Intel 12th Alder Lake N97 16GB RAM 512GB refurbishedOpens in a new window or tab",19999,Certified - Refurbished ·Acemagic,0,True,
"ASUS - ROG Zephyrus G16 16"" OLED 2.5K 240Hz Gaming Laptop - Intel Core Ultra ...Opens in a new window or tab",,Brand New ·ASUS,0,False,92
"Microsoft Surface Laptop 3, 13.5"" Touch, Intel i7, 16GB RAM, 256GB SSD - BlackOpens in a new window or tab",30999,Open Box ·Microsoft,0,True,154
"2026 HP Laptop Computer 17.3"" 10-Core Intel i7 Upto 64GB RAM 2TB SSD Office 2024Opens in a new window or tab",56900,✅Lifetime Office 2024 ✅16GB|32GB|64GB RAM✅512GB|2TB SSD,0,True,
"2026 HP Victus Gaming Laptop 15.6"" Ryzen 7 NVIDIA RTX 4050 Upto 64GB RAM 2TB SSDOpens in a new window or tab",76900,✅Win 11 Pro+ Lifetime Office 2024✅High Performance Game,0,True,
"Lenovo ThinkPad X390 13.3"" FHD i5-8265U 8GB 256GB SSD Backlit FP Win11 ProOpens in a new window or tab",27999,Excellent - Refurbished ·Lenovo ·256 GB,0,True,
New ListingBRAND NEW - Lenovo ThinkPad T14 Gen 4 i5-1335u 16GB RAM 512GB SSD ACTIVE SUPPORTOpens in a new window or tab,49999,Brand New ·Lenovo ·512 GB,49999,False,
"ASUS ROG Ally 7"" 120Hz FHD Touch AMD Ryzen Z1 16GB 512GB SSD W11H Gaming ConsoleOpens in a new window or tab",44999,Certified - Refurbished ·ASUS,0,True,562
"Lenovo ThinkPad T14 Gen 2 14"" AMD Ryzen 5 Laptop 48GB RAM 4TB SSD Windows 11 ProOpens in a new window or tab",39999,✨6 CORE AMD! ⚡️ RADEON RX Graphics!📦 Fast Shipping!,0,True,
"HP EliteBook 845 G8 14"" FHD AMD Ryzen 5 PRO 5650U 16GB 256GB SSD W11P Laptop SLOpens in a new window or tab",27499,Good - Refurbished ·HP,0,True,
"Dell Chromebook 3100 2-in-1 11.6"" Touchscreen Laptop 4GB RAM 32GB SSD WiFi WebcaOpens in a new window or tab",7698,Excellent - Refurbished ·Dell ·32 GB,0,True,
"Lenovo ThinkPad L14 Gen 4 14"" Ryzen 5 Pro 7530U 2.0GHz 256GB SSD 32GB RAMOpens in a new window or tab",31000,Pre-Owned ·Lenovo,0,False,
"New ListingDell Inspiron 15 5570 15.6"" i5-6200U 8GB RAM 256GB SSD FHD Win11 Pro LaptopOpens in a new window or tab",17999,Excellent - Refurbished ·Dell ·256 GB,0,True,
"2026 HP Laptop Computer 17.3"" 10-Core Intel i5 Up to 64GB RAM 2TB SSD Pro OfficeOpens in a new window or tab",52900,✅Lifetime Office 2024 ✅12GB|32GB|64GB RAM✅512GB|2TB SSD,0,True,
"2026 Lenovo IdeaPad Laptop Notebook 14"" Intel Processor Up to 20GB RAM & 1TB SSDOpens in a new window or tab",27900,✅Free Office 365 ✅8GB|12GB|20GB RAM✅512GB|1TB SSD,0,True,
Acer Chromebook Spin 713 CP713-2W-568T 256GB SSD 16GB RAM Core i5 TouchscreenOpens in a new window or tab,18999,Good - Refurbished ·Acer,0,True,
"New ListingHP Laptop Computer 15.6"" FHD 8-Core Intel i3 8GB RAM 256GB SSD Finger Print readOpens in a new window or tab",31499,Brand New ·HP ·2 TB,31499,False,
"Dell 14"" FHD Laptop Intel Quad Core i7 4.20GHz 32GB RAM 2TB SSD Windows 11 ProOpens in a new window or tab",24899,📦 Fast Shipping ✨ Customize RAM+SSD ⚡️ Plug and Play,0,True,
"New ListingHP Pavillion Gaming Laptop 15, Ryzen 5 3550H, NVIDIA GTX 1050 16GB RAM 256GB SSDOpens in a new window or tab",29999,Pre-Owned ·HP ·256 GB,29999,False,
"Acer Aspire Go 15 15.6"" Notebook FHD Intel i3-N305 8GB 128GB SSD UHD RefurbishedOpens in a new window or tab",18999,Official Acer Recertified Store (Certified Refurbished),0,True,253
"Dell Inspiron 15 15.6"" FHD Touch  AMD Ryzen 7 7730U, 16GB 512GB SSD,Win11 LaptopOpens in a new window or tab",34999,Very Good - Refurbished ·Dell ·512 GB,0,True,
"Lenovo Yoga Book YB1-X90F 10.1"" Atom x5-Z8550 2.4GHz 4GB RAM 64GB SSDOpens in a new window or tab",6000,Pre-Owned ·Lenovo,0,False,89
"LG Gram 17Z90P Laptop - i7-1165G7, 16GB RAM, 512GB NVMe - Win11Opens in a new window or tab",29999,Pre-Owned ·LG,0,True,
"Acer TravelMate B311-31 11.6"" N100 3.40GHz/8GB/128GB (Black) N23C1 - w/WarrantyOpens in a new window or tab",10700,Very Good - Refurbished ·Acer,0,True,138
"New ListingLenovo IdeaPad 3 15.6"" Touchscreen Laptop i5-10210U 12GB RAM Windows 11 ProOpens in a new window or tab",21999,Pre-Owned ·Lenovo,21999,False,
"2026 HP Laptop 17.3"" FHD 6-Core AMD Ryzen 5 Up to 64GB RAM 2TB SSD Win 11 ProOpens in a new window or tab",54900,✅Lifetime MS Office✅12GB|64GB RAM✅256GB|2TB SSD IPS,0,True,
"Dell Touchscreen Chromebook 3100 11"" Celeron 1.1GHz/4GB/32GB P30T001 w/WarrantyOpens in a new window or tab",5900,Good - Refurbished ·Dell,0,True,1158
Lenovo ThinkPad T15 Gen 1 Intel Core i5 1.6GHz 24Gb RAM 256Gb Drive Windows 11Opens in a new window or tab,18800,Pre-Owned ·Lenovo,18800,False,25
"Dell Latitude 5420 14"" Touch Laptop i5-1145G7 16GB RAM 256GB SSD Windows 11 ProOpens in a new window or tab",19895,Pre-Owned ·Dell ·256 GB,0,False,443
"Acer - Predator Helios Neo 16S AI Gaming Laptop - 16"" OLED 240Hz - Intel Core...Opens in a new window or tab",,Brand New ·Acer,0,False,1543
"Acer Nitro V 15 15.6"" Laptop i5-13420H 16GB RAM 512GB SSD RTX 5050 RefurbishedOpens in a new window or tab",64999,Certified - Refurbished ·Acer,0,True,19
"~OVERSTOCK~ 14"" HP ProBook Laptop: Intel i5! 8GB RAM - 1 TB Storage! Windows 10!Opens in a new window or tab",17595,UPDATED SPECS!!! Wi-fi Ready! 1 Year Warranty!,0,True,223
"LENOVO THINKPAD X13 GEN 2 13"" i7-1185G7 3.0GHz 16GB 256GB--GRADE DOpens in a new window or tab",17499,Pre-Owned ·Lenovo,0,True,249
"2026 ASUS Vivobook Laptop 16"" Intel Core i7 5.0GHz 16GB RAM 512GB SSD Pro+OfficeOpens in a new window or tab",59900,✅Lifetime MS Office 2024 ✅Fast Shipping ✅i7 Performance,0,True,
Dell Precision 3560 Laptop 15.6” FHD Core i7 11th Gen 16GB RAM 256GB SSD Win 11Opens in a new window or tab,41152,Good - Refurbished ·Dell,0,True,86
New ListingBRAND NEW - Lenovo ThinkPad T14 Gen 4 i5-1335u 16GB RAM 512GB SSD ACTIVE SUPPORTOpens in a new window or tab,49999,Brand New ·Lenovo ·512 GB,49999,False,
"2026 ASUS Laptop Vivobook 16"" 13 Gen Intel i7 Up to 40GB RAM 2TB SSD Win 11 ProOpens in a new window or tab",47900,✅16GB|24GB|40GB ✅1TB|2TB ✅Lifetime 2024 Office Pro,0,True,
Dell Precision 3560 Laptop 15.6” FHD Core i7 11th Gen 16GB RAM 256GB SSD Win 11Opens in a new window or tab,41152,Good - Refurbished ·Dell,0,True,86
"2026 Lenovo IdeaPad Laptop Notebook 14"" Intel Processor Up to 20GB RAM & 1TB SSDOpens in a new window or tab",27900,✅Free Office 365 ✅8GB|12GB|20GB RAM✅512GB|1TB SSD,0,True,
"Acer Aspire Go 15 15.6"" Notebook FHD Intel i3-N305 8GB 128GB SSD UHD RefurbishedOpens in a new window or tab",18999,Official Acer Recertified Store (Certified Refurbished),0,True,253
"Acer TravelMate B311-31 11.6"" N100 3.40GHz/8GB/128GB (Black) N23C1 - w/WarrantyOpens in a new window or tab",10700,Very Good - Refurbished ·Acer,0,True,138
msi Crosshair A16 HX 16” QHD+ 240Hz Gaming Laptop D8WFKG-090US RTX 5060 Ryzen 9Opens in a new window or tab,59999,Brand New ·MSI,59999,False,
"Acer Aspire Go 15 AG15-21PT 15.6"" Laptop 16GB RAM 1TB SSD  AG15-21PT-R8TFOpens in a new window or tab",30299,Very Good - Refurbished ·Acer,0,True,15
"Dell Inspiron 15 15.6"" FHD Touch  AMD Ryzen 7 7730U, 16GB 512GB SSD,Win11 LaptopOpens in a new window or tab",34999,Very Good - Refurbished ·Dell ·512 GB,0,True,
"Microsoft Surface Pro 11 13"" Snapdragon X Plus 16GB 512GB Touch Win11 BlackOpens in a new window or tab",43399,Brand New ·Microsoft ·512 GB,0,False,
"Lenovo Chromebook 300e 2nd Gen 2-in-1 11.6"" Touch 4GB 32GB X2 1.1GHz, BlackOpens in a new window or tab",4900,Pre-Owned ·Lenovo ·32 GB,0,False,45
"Lenovo IdeaPad Slim 3x 15.3"" Laptop -  Snapdragon X - 16GB - 1TB SSD - Open BoxOpens in a new window or tab",37195,Open Box ·Lenovo,0,True,
Panasonic Toughbook CF-33 Core i5 7300U 2.6GHz 16GB 256gb NVME SSD W11 Pro LTEOpens in a new window or tab,37999,Good - Refurbished ·Panasonic,0,True,54
"2026 HP Pavilion Laptop 15.6"" 8-Core AMD Ryzen 7 16GB RAM & 512GB SSD Office PROOpens in a new window or tab",53900,✅Lifetime Office 2024+Win 11 Pro ✅Fast Shipping ✅OnSale,0,True,
"2026 HP Victus Gaming Laptop 15.6"" Ryzen 7 NVIDIA RTX 4050, 16GB RAM & 512GB SSDOpens in a new window or tab",79900,✅Win 11 Pro+ Lifetime Office 2024✅High Performance Game,0,True,
"2026 ASUS Vivobook 16"" Laptop 10-Core Intel i7-1355U 16GB RAM & 512GB SSD OfficeOpens in a new window or tab",50900,✅Fast Shipping✅Manufacturer Warranty ✅Clearance On Sale,0,True,
"HP 15.6"" Touch Laptop, 13th Gen Intel i3, 16GB RAM & 512BG SSD Win 11 Pro+OfficeOpens in a new window or tab",43900,Open Box ·HP ·512 GB,0,True,15
"Lenovo ThinkPad Touchscreen Laptop 11.6"" Intel Pentium 4GB RAM 256GB SSD Win 11Opens in a new window or tab",10999,Good - Refurbished ·Lenovo,0,True,2489
"Acer Aspire Go 15.3"" Laptop 8GB RAM 256GB SSD Intel i5 UHD AG15-51P RefurbishedOpens in a new window or tab",27699,Certified - Refurbished ·Acer,0,True,304
"ACEMAGIC 16.1"" FHD Laptop AMD Ryzen 7 5700U 16GB DDR4 512GB 5G [Refurbished]Opens in a new window or tab",31999,Certified - Refurbished ·Acemagic,0,True,145
"NIMO 15.6"" FHD Laptop Ryzen 5 32GB RAM 1TB SSD Backlit FPOpens in a new window or tab",22899,Brand New ·1 TB,0,False,
"Dell Chromebook 3100 2-in-1 11.6"" Touchscreen Laptop 4GB RAM 32GB SSD WiFi WebcaOpens in a new window or tab",7698,Excellent - Refurbished ·Dell ·32 GB,0,True,
"ASUS ROG Strix SCAR 18 (2025) Gaming Laptop, 18” ROG Nebula HDR 2.5K 240Hz, NVIDOpens in a new window or tab",69999,Brand New ·ASUS,0,False,
New ListingSONY VAIO Type P VGN-P70H Intel Atom Z520 HDD 60GB RAM 2GBOpens in a new window or tab,18000,Pre-Owned ·Sony ·60 GB,18000,False,
New ListingLenovo ThinkPad W540 i7-4800MQ Quad 2.70GHz 16GB 512GB SSD NVIDIA Backlit Win 11Opens in a new window or tab,14999,Pre-Owned ·Lenovo ·512 GB,14999,False,
"New ListingLenovo IdeaPad 1 15IAU7 15.6"" Intel Core i5Opens in a new window or tab",21500,Pre-Owned ·Lenovo ·256 GB,21500,False,
"ASUS - ROG Zephyrus G16 16"" OLED 2.5K 240Hz Gaming Laptop - Intel Core Ultra ...Opens in a new window or tab",,Brand New ·ASUS,0,False,92
"VAIO 15.6"" Laptop VWNC51529-RG Intel Core i5 16GB RAM 512GB SSD Win 11 Rose GoldOpens in a new window or tab",26599,Pre-Owned ·Sony,0,True,
2026 Dell Laptop 16 FHD+Touch 10-Core Intel 5 120U Upto 64GB RAM 2TB SSD BacklitOpens in a new window or tab,47900,✅Lifetime MS Office ✅Win 11 Pro ✅Backlit + Touchscreen,0,True,
"2026 HP Touch Laptop 15.6"" 8-Core AMD Ryzen 7 16GB RAM & 512GB SSD Office 2024Opens in a new window or tab",54900,✅Lifetime Office 2024+Win 11 Pro ✅Fast Shipping ✅OnSale,0,True,
"2026 HP Laptop Computer 15.6"" Touch 13th Gen Intel i5, 16GB RAM 512GB SSD WinProOpens in a new window or tab",55900,✅Lifetime Office 2024 ✅Touch Screen ✅On Sale Fast Ship,0,True,
"2026 ASUS Vivobook 14"" FHD Laptop, 6-Core Intel i3 Up to 40GB RAM 2TB SSD WinProOpens in a new window or tab",31900,✅Lifetime Office 2024 ✅16GB|40GB RAM✅512GB|2TB SSD,0,True,
"Gateway 14"" Chromebook 314 4GB RAM 128GB SSD Intel Celeron N4500 UHD RefurbishedOpens in a new window or tab",8999,Certified - Refurbished ·Acer ·128 GB,0,True,200
Lenovo ThinkPad T15 Gen 1 Intel Core i5 1.6GHz 24Gb RAM 256Gb Drive Windows 11Opens in a new window or tab,18800,Pre-Owned ·Lenovo,18800,False,25
"Laptop 16GB RAM 512GB SSD 17.3"" Intel Celeron N5095 Backlit KB Win11 Pro(Used)Opens in a new window or tab",18599,Pre-Owned ·Unbranded ·512 GB,0,True,33
"HP EliteBook 840 G7 14"" 512GB i5-10310U WIN11P, SilverOpens in a new window or tab",27500,Excellent - Refurbished ·HP ·512 GB,0,True,156
Panasonic  CF-31   MK5  5th GEN Core i5  WIN11 PRO  16GB 500GB SSD WWAN  BLACKOpens in a new window or tab,37777,BLACK LID,37777,False,
OVERSTOCK~ 11.6 HP Pro X360 Laptop PC: TouchScreen! Webcam! Windows 11 Pro!Opens in a new window or tab,22995,4GB RAM ~ 63GB SSD! 1 Year Warranty!,0,True,42
2026 HP Laptop Computer 14 Office 2024 Intel CPU 8GB RAM & 628GB Storage Win ProOpens in a new window or tab,28900,✅Fast Shipping ✅MS Office 2024 ✅Portable Thin & Light,0,True,
"Lenovo ThinkPad L14 Laptop 14"" FHD Intel i5 Upto 64GB RAM 2TB SSD Win Pro OfficeOpens in a new window or tab",53900,✅Lifetime Office 2024 ✅Windows 11 Pro✅Business Notebook,0,True,
"Microsoft Surface Laptop 3 13.5"" Touch Intel i7-1065G7 16GB 256GB SSD - BlackOpens in a new window or tab",25999,Pre-Owned ·Microsoft,0,True,345
"Dell Latitude 3120  11.6"" Laptop Pentium N6000  8GB RAM 256GB SSD  Win 11 ProOpens in a new window or tab",10800,Pre-Owned ·Dell ·256 GB,0,False,50
"Acer Swift 16"" AI Copilot+PC OLED Intel Ultra7 256V 16GB RAM 1TB SSD RefurbishedOpens in a new window or tab",65999,Official Acer Recertified Store (Certified Refurbished),0,True,455
"HP 17 Laptop, 17.3"" HD+ Touchscreen, Intel Core i7-1255U Processor, 16GB RAMOpens in a new window or tab",31900,Brand New ·HP,0,False,
2026 Dell Inspiron 15 Laptop FHD Touch Intel i5 Upto 32GB RAM&1TB SSD Win 11 ProOpens in a new window or tab,43900,✅8GB|16GB|32GB RAM ✅256GB|1TB SSD ✅Lifetime MS Office,0,True,
New Listingdell xps 12 9q33 Touchscreen/fold into a touchpad. PLEASE READ BELOWOpens in a new window or tab,16000,Parts Only ·Dell,16000,False,
"Lenovo 300e Touchscreen Chromebook 11.6"" 4GB 32gb SSD  *SEE PHOTOS/DESCRIP.*Opens in a new window or tab",2800,Pre-Owned ·Lenovo ·32 GB,0,False,204
Acer Nitro V 15 Gaming Laptop i9-13900H 16GB RAM 512GB SSD RTX 4060 RefurbishedOpens in a new window or tab,74999,Good - Refurbished ·Acer,0,True,14
"HP - 14"" Laptop - Intel Processor N150 2025 - 4GB Memory - 128GB UFS - Sky BlueOpens in a new window or tab",21999,Brand New ·HP,0,False,2971
"Acer Chromebook Plus 516 16"" Intel i5 120U 8GB RAM 256GB SSD Iris Xe RefurbishedOpens in a new window or tab",29999,Certified - Refurbished ·Acer ·256 GB,0,True,357
"Dell 15 Laptop DC15250-15.6-inch FHD (1920x1080) 120Hz Display, Intel Core i5-13Opens in a new window or tab",20000,Brand New ·Dell,0,False,
"Acer Nitro V 15.6"" Laptop FHD i5-13420H 16GB DDR4 1TB SSD RTX 5050 RefurbishedOpens in a new window or tab",66999,Certified - Refurbished ·Acer,0,True,
"Dell Latitude 5520 Laptop - 2.6 GHz i5-1145G7 16GB 512GB 15.6"" Touchscreen - SPOpens in a new window or tab",23800,Pre-Owned ·Dell,0,True,195
New ListingJUSTTHINK 11.6” Intel Celeron N3350 4GB 64GB Win10 Laptop Open BoxOpens in a new window or tab,9999,Open Box ·64 GB,0,False,
"Lenovo IdeaPad Slim 5 16"" WUXGA Touch Laptop Ryzen AI 7 350 16GB 1TB 83HY001KUSOpens in a new window or tab",52900,Open Box ·Lenovo ·1 TB,0,True,27
"Dell Precision 7560 Laptop - 2.5 GHz i7-11850H 32GB 512GB Cam NVIDIA T1200 15.6""Opens in a new window or tab",44900,Pre-Owned ·Dell,0,True,99
Dell Precision 5530 - i9-8950HK - 32GB RAM - 1TB SSD FREE SHIPPING!Opens in a new window or tab,34999,Pre-Owned ·Dell ·1 TB,0,False,
HP ELITEBOOK 845 G7 | RYZEN 3 PRO 4450U | 256GB | 16GB | NO OS/ POWER ADAPTEROpens in a new window or tab,12999,Pre-Owned ·HP,0,True,
"2026 Lenovo IdeaPad Laptop 14"" Intel i3 Upto 40GB RAM & 2TB SSD Office 2024 ProOpens in a new window or tab",32900,✅Lifetime Office 2024+Win 11 Pro ✅Fast Shipping On Sale,0,True,
"HP Laptop Notebook 15.6 AMD Athlon Upto 3.2GHz, 16GB RAM 1TB SSD Office 2024 ProOpens in a new window or tab",31600,✅Windows 11 Pro ✅Free Mouse Sleeve ✅Lifetime MS Office,0,True,
2026 HP Laptop Notebook 15.6 Touch Office 2024 AMD Ryzen 5 8GB RAM 512GB SSD ProOpens in a new window or tab,38900,✅Pro+Lifetime Office 2024 ✅Touchscreen ✅ Al Copilot,0,True,
"2026 Dell Inspiron 15.6"" Laptop 13th Gen Intel i5 16GB RAM 512GB SSD Pro OfficeOpens in a new window or tab",55900,✅Lifetime Office 2024+Win 11 Pro ✅Touchscreen ✅On Sale,0,True,
"2026 Dell Inspiron 15 Touch Laptop 10-Core Intel i7, Up to 64GB RAM 2TB SSD ProOpens in a new window or tab",57900,✅Lifetime MS Office 2024 ✅Business Win Pro ✅Fast Ship,0,True,
2026 Lenovo Business Laptop 15 Ryzen 7 16GB RAM & Upto 2TB SSD Office 2024 TouchOpens in a new window or tab,50900,✅Lifetime Office 2024+Win 11 Pro ✅Fast Shipping On Sale,0,True,
Lenovo ThinkPad T580 15.6”  i5 8350u 16GB RAM 512GB SSD Win 11 Pro TouchscreenOpens in a new window or tab,35500,Excellent - Refurbished ·Lenovo,0,True,
New ListingSONY VAIO Type P VGN-P70H Intel Atom Z520 HDD 60GB RAM 2GBOpens in a new window or tab,18000,Pre-Owned ·Sony ·60 GB,18000,False,
"Lenovo ThinkPad E16 16"" AMD Ryzen 7 7735HS Radeon 680M 16GB 512GB SSD Very GoodOpens in a new window or tab",67899,Very Good - Refurbished ·Lenovo,0,True,
Acer Nitro V 15 Laptop ANV15-52-586Z Intel i5-13420H RTX 3050 8GB RAM 512GB SSDOpens in a new window or tab,61999,Certified - Refurbished ·Acer ·512 GB,0,True,109
"Acer Swift 14 AI Laptop 14.5"" Snapdragon X Elite 16GB RAM 1TB SSD RefurbishedOpens in a new window or tab",51199,Official Acer Recertified Store (Certified Refurbished),0,True,
"Acer Aspire 5 15.6"" Laptop FHD Core i7 16GB RAM 512GB SSD Iris Xe RefurbishedOpens in a new window or tab",42999,Certified - Refurbished ·Acer,0,True,23
Lenovo ThinkPad Yoga 11e Intel m3 CPU 8GB RAM 128GB SSD Windows 11 - C-GRADE!Opens in a new window or tab,7222,Pre-Owned ·Lenovo ·128 GB,0,True,83
"Lenovo IdeaPad Flex 5 14IAU7 14"" Touch Laptop Intel i5-1235U 8GB RAM 512GB SSDOpens in a new window or tab",32599,Certified - Refurbished ·Lenovo,0,True,34
HP Laptop Computer PC Workstation Gaming Core I7 32GB 1TB Windows 11 PRO OFFICE!Opens in a new window or tab,25999,Microsoft Office 2021 - One Year Warranty - HDMI - USBC,0,False,
"Lenovo IdeaPad 15.6"" FHD, AMD Ryzen 5, Upto 36GB RAM & 2TB SSD, Backlit KeyboardOpens in a new window or tab",39900,✅Lifetime Office ✅Windows 11 Pro✅Fast Shipping ✅On Sale,0,True,
"2026 HP Laptop Computer 15.6"" Touch 13th Gen Intel i5, 16GB RAM 512GB SSD WinProOpens in a new window or tab",55900,✅Lifetime Office 2024 ✅Touch Screen ✅On Sale Fast Ship,0,True,
"HP 15.6"" Touch Laptop 13th Gen Intel i3, 12GB RAM & 256GB SSD, Office Win 11 ProOpens in a new window or tab",34900,Open Box ·HP ·256 GB,0,True,14
"HP 15-fd1035cl 15.6"" FHD Touch Intel 3 100U 12GB DDR4 512GB SSD W11H Laptop, SLOpens in a new window or tab",27549,Certified - Refurbished ·HP,0,True,25
"New ListingLenovo ThinkPad T480s 14"" FHD  i7-8650U 8GB RAM 256gb NVME WIN 11 pro laptopOpens in a new window or tab",32999,Open Box ·Lenovo ·256 GB,0,False,
"Lenovo IdeaPad Slim 3x 15.3"" Touch Snapdragon X 16GB 1TB SSD 83N30010US Grade A-Opens in a new window or tab",34900,Pre-Owned ·Lenovo,0,True,
"ASUS Vivobook 16"" Copilot+ PC Snapdragon X126100 16GB 1TB X1607QA-IS56 SilverOpens in a new window or tab",40900,Open Box ·ASUS ·1 TB,0,True,
"Dell Latitude 7480 14"" Laptop Intel Core i5 4GB RAM 128GB SSD Windows 11 - FASTOpens in a new window or tab",11500,Pre-Owned ·Dell ·128 GB,0,True,30
Dell Gaming Laptop Intel i7- 16 GB RAM   500GB SSD Drive Windows 11 OfficeOpens in a new window or tab,31900,Pre-Owned ·Dell ·500 GB,31900,False,
"Panasonic ToughPad FZ-M1 7"" i5 8GB 128GB SSD Windows 10 Pro Rugged Laptop TabletOpens in a new window or tab",13000,Pre-Owned ·Panasonic,0,True,136
"HP 15.6"" Full HD Touchscreen Laptop Intel Core i7 16GB 512GB SSD 15-fd0127dxOpens in a new window or tab",48000,Open Box ·HP,48000,False,
"Lenovo IdeaPad Slim 3 15.6"" FHD Touch Ryzen 7 7730U 16GB 512GB FPR CAM Win11 2YrOpens in a new window or tab",42900,Certified - Refurbished ·Lenovo ·512 GB,0,True,99
New ListingLot of 3 Dell Latitude 5510 (2)  i5 10th & 5580 (1) 6th Gen RAM Mix AS-IS No OSOpens in a new window or tab,33900,Parts Only ·Dell ·128 GB,33900,False,
"New ListingHP Pavilion Gaming 16-a0032dx | i5-10TH GEN | ""NO POWER AS IS"" -READ DESCRIPTIONOpens in a new window or tab",25000,Parts Only ·HP,25000,False,
"NIMO 15.6"" FHD Ryzen 7 7735HS 16GB 1TB SSD Radeon 680M Gaming LaptopOpens in a new window or tab",20000,Brand New ·1 TB,0,False,
"Karaoke System 232,000 songs-Dell Latitude Laptop 11.6” 8GB RAM 128GB SSD IntelOpens in a new window or tab",44900,Pre-Owned ·Dell ·128 GB,0,False,
"2026 HP Laptop Notebook 15.6"" FHD 8-Core Intel i3 16GB RAM 512GB SSD Office 2024Opens in a new window or tab",47900,✅Lifetime Office 2024+Win 11 Pro ✅Fingerprint ✅On Sale,0,True,
2026 HP Laptop 15.6 Touch Ryzen 5 8GB RAM Up to 2TB SSD Copilot Office 2024 ProOpens in a new window or tab,33900,✅Pro+Lifetime Office 2024 ✅Touchscreen ✅ Al Copilot,0,True,
"HP Laptop Computer Office 2024 15.6"" Intel Core i3 12GB RAM 256GB SSD Win 11 ProOpens in a new window or tab",39900,✅Win 11 Pro + Lifetime MS Office ✅Fast Shipping On Sale,0,True,
New ListingDell inspiron 15 3515 AMD Ryzen 5 3450U 2.10Ghz 8Gb 128Gb SSD 15.6 Charger Win11Opens in a new window or tab,13000,Pre-Owned ·Dell,0,False,
HP ELITE DRAGONFLY | INTEL CORE I5-1245U | 256GB | 16GB | CHROME OSOpens in a new window or tab,19999,Pre-Owned ·HP,0,True,56
HP EliteBook 8470p Intel Core i5-3RD GEN 2.60GHz 4GB 128GB SSD laptop WIN 10Opens in a new window or tab,11000,Very Good - Refurbished ·HP,0,True,20
"Acer Chromebook C730E-C555 11.6"" Laptop 2.16GHz Intel 4GB 16GB eMMC with ChargerOpens in a new window or tab",3999,Pre-Owned ·Acer ·16 GB,0,False,191
"ASUS VivoBook Laptop Intel Core Ultra 7 256V 16GB 1 TB SSD 14"" Touch W11HOpens in a new window or tab",63249,"Shop With Confidence, Buy From Newegg",0,True,103
"Microsoft Surface Pro 11 13"" Snapdragon X Plus 16GB 512GB Touch Win11 BlackOpens in a new window or tab",43399,Brand New ·Microsoft ·512 GB,0,False,
"NEW HP Laptop Notebook 15.6"" Touch, Office 2024 AMD Ryzen 5, 8GB RAM & 256GB SSDOpens in a new window or tab",36900,✅Fast Shipping✅Manufacturer Warranty✅Clearance On Sale,0,True,
2026 HP Laptop 15.6 Touch Ryzen 5 7520U 8GB RAM Up to 1TB SSD Al Copilot Win ProOpens in a new window or tab,37900,✅Pro+Lifetime Office 2024 ✅Touchscreen ✅ Al Copilot,0,True,
Dell Latitude 5440 10-Core i7-1365U 5.20GHz 256GB SSD 16GB RAM Windows 11 ProOpens in a new window or tab,34000,Pre-Owned ·Dell,0,False,79
Dell Latitude 7400 14 FHD  Intel i7-8665U 16GB 256GB SSD Win 11 Pro LaptopOpens in a new window or tab,18999,Pre-Owned ·Dell ·256 GB,0,True,
"New ListingLenovo V15 Business Laptop, 15.6"" FHD LED Laptop Computer,16GB RAM 1.5TB StorageOpens in a new window or tab",30000,Brand New ·Lenovo ·1.5 TB,0,False,
"Lenovo Legion 9i Gen 10 18"" 4K 3D Gaming Laptop Intel Ultra 9, 64GB 2TB RTX 5090Opens in a new window or tab",153190,Brand New ·Lenovo,0,False,
"Lenovo ThinkPad T480 14"" FHD i5 8250u 32GB 512gb NVME WIFI CAM WIN 11 PRO laptopOpens in a new window or tab",39999,Excellent - Refurbished ·Lenovo,0,True,814
"Dell Latitude 5420 14"" Touch Core i5-1145G7 2.6GHz 16GB RAM 256GB SSD WIN 11 PROOpens in a new window or tab",19200,Pre-Owned ·Dell ·256 GB,0,False,18
"Dell Latitude 7480 14"" Intel Core i7 4GB RAM 128GB SSD Windows 11 complete FASTOpens in a new window or tab",12000,Pre-Owned ·Dell ·128 GB,0,False,
New ListingHP EliteBook 840 G10 - Intel Core i7 13th Gen 16GB DDR5 RAM 512GB SSD Win 11 ProOpens in a new window or tab,47499,Pre-Owned ·HP ·512 GB,47499,False,
"Microsoft Surface Pro 7, 12.3"" Wi-Fi 128/256/512, i3/i5/i7 Black/PlatinumOpens in a new window or tab",17999,Pre-Owned,0,True,
"Acer Aspire A14 14"" Laptop 1920x1200 400Nit 60Hz 5ms NX.JK7AA.003 RefurbishedOpens in a new window or tab",60399,Good - Refurbished ·Acer,0,True,7
New ListingJUSTTHINK 11.6” Intel Celeron N3350 4GB 64GB Win10 Laptop Open BoxOpens in a new window or tab,9999,Open Box ·64 GB,0,False,
HP ZBook Fury G1i 16 4K Ultra 9 285HX/128GB DDR5/4 TB SSD/RTX PRO 5000 BlackwellOpens in a new window or tab,168325,Brand New ·HP ·4 TB,0,False,
"New ListingLenovo IdeaPad 1 15IAU7 15.6"" Intel Core i5Opens in a new window or tab",21500,Pre-Owned ·Lenovo ·256 GB,21500,False,
"Dell Precision 7560 Laptop - 2.5 GHz i7-11850H 32GB 512GB Cam NVIDIA T1200 15.6""Opens in a new window or tab",44900,Pre-Owned ·Dell,0,True,99
"Dell 15 Laptop DC15250-15.6-inch FHD (1920x1080) 120Hz Display, Intel Core i5-13Opens in a new window or tab",20000,Brand New ·Dell,0,False,
"New ListingMicrosoft Surface Book 3 13.5"" Intel Core i5-1035G7 8GB 256GB SCREEN ISSUEOpens in a new window or tab",16500,Parts Only ·Microsoft ·256 GB,16500,False,
"Dell Latitude 7320 13.3"" FHD i5-1145G7 16GB RAM 256GB SSD Windows 11 Pro LaptopOpens in a new window or tab",17900,Pre-Owned ·Dell,0,True,
"NIMO 15.6"" FHD Ryzen 5 32GB RAM 1TB SSD Fingerprint Backlit Win11 LaptopOpens in a new window or tab",20000,Brand New ·532 GB,0,False,
"2026 HP Pavilion Laptop 17.3"" FHD, AMD Ryzen 5, 8GB RAM & 512GB SSD Win 11 ProOpens in a new window or tab",47900,✅Lifetime Office + Win 11 Pro ✅Holiday Sale ✅Fast Ship,0,True,
"Lenovo IdeaPad Laptop Computer 15.6"" Intel Celeron 2.8GHz 12GB RAM 256GB StorageOpens in a new window or tab",25900,Excellent - Refurbished ·Lenovo ·128 GB,0,True,
"2026 Dell Inspiron 15 Touch Laptop 10-Core Intel i7, Up to 64GB RAM 2TB SSD ProOpens in a new window or tab",57900,✅Lifetime MS Office 2024 ✅Business Win Pro ✅Fast Ship,0,True,
"Lenovo IdeaPad 15.6"" FHD, AMD Ryzen 5, Upto 36GB RAM & 2TB SSD, Backlit KeyboardOpens in a new window or tab",39900,✅Lifetime Office ✅Windows 11 Pro✅Fast Shipping ✅On Sale,0,True,
2026 Lenovo Business Laptop 15 Ryzen 7 16GB RAM & Upto 2TB SSD Office 2024 TouchOpens in a new window or tab,50900,✅Lifetime Office 2024+Win 11 Pro ✅Fast Shipping On Sale,0,True,
"Karaoke System 232,000 songs-Dell Latitude Laptop 11.6” 8GB RAM 128GB SSD IntelOpens in a new window or tab",44900,Pre-Owned ·Dell ·128 GB,0,False,
"Dell Chromebook 11 3189 P26T 11.6"" Touch Celeron N3060 1.60GHz 4GB 16GB w/AC AdpOpens in a new window or tab",3989,Pre-Owned ·Dell,0,False,
"New ListingAcer Predator Helios 300 15.6"" gaming laptop i7 16GB 256 GB SSD GTX 1060 usedOpens in a new window or tab",38990,Pre-Owned ·Acer ·256 GB,38990,False,
Panasonic Toughbook CF-53 14'' Intel Core i5 SSD 4G LTE DVD Rugged Police LaptopOpens in a new window or tab,13900,Pre-Owned,0,True,
Chromebook 3100Opens in a new window or tab,1500,Pre-Owned ·Dell,1500,False,21
"New ListingDell Precision 5510, Nvidia M1000M, i7-6820HQ, 12GB - 256 NVMe + 128 Win 11 ProOpens in a new window or tab",19900,Pre-Owned ·Dell,0,False,
"HP 15.6"" Touch Laptop 13th Gen Intel i3, 12GB RAM & 256GB SSD, Office Win 11 ProOpens in a new window or tab",34900,Open Box ·HP ·256 GB,0,True,14
"HP EliteBook X G1i 14"" Notebook Next Gen AI PC Intel Ultra 5 226V 4.5 GHz 16GB 5Opens in a new window or tab",79999,Brand New ·HP,0,True,15
Open Box: HP 15.6  FHD IPS Notebook Intel Core i7-1255U 16GB RAM 512GB SSD NaturOpens in a new window or tab,42900,Open Box ·HP,0,True,18
New ListingHP laptop 15-fd0xxx intel i3 core  (only 30 Cycle Counts)Opens in a new window or tab,16500,Pre-Owned ·HP ·256 GB,0,False,
2026 HP Laptop 15.6 Touch Ryzen 5 8GB RAM Up to 2TB SSD Copilot Office 2024 ProOpens in a new window or tab,33900,✅Pro+Lifetime Office 2024 ✅Touchscreen ✅ Al Copilot,0,True,
"2026 HP Pavilion Laptop 17.3"" FHD, AMD Ryzen 5, 8GB RAM & 512GB SSD Win 11 ProOpens in a new window or tab",47900,✅Lifetime Office + Win 11 Pro ✅Holiday Sale ✅Fast Ship,0,True,
"2026 HP Laptop Notebook 15.6"" FHD 8-Core Intel i3 16GB RAM 512GB SSD Office 2024Opens in a new window or tab",47900,✅Lifetime Office 2024+Win 11 Pro ✅Fingerprint ✅On Sale,0,True,
"Lenovo IdeaPad Slim 5 16"" WUXGA Touch Laptop Ryzen AI 7 350 16GB 1TB 83HY001KUSOpens in a new window or tab",52900,Open Box ·Lenovo ·1 TB,0,True,27
"HP Laptop Computer Office 2024 15.6"" Intel Core i3 12GB RAM 256GB SSD Win 11 ProOpens in a new window or tab",39900,✅Win 11 Pro + Lifetime MS Office ✅Fast Shipping On Sale,0,True,
"LG Gram 17Z90P Laptop - i7-1165G7, 16GB RAM, 512GB NVMe - Win11Opens in a new window or tab",29999,Pre-Owned ·LG,0,True,
Getac F110 G2 i5-5200U 2.20GHz 4GB RAM 256GB SSD Tablet Win 11*Opens in a new window or tab,9999,Pre-Owned ·Getac ·256 GB,0,True,
2026 HP Laptop 15.6 Touch Ryzen 5 7520U 8GB RAM Up to 1TB SSD Al Copilot Win ProOpens in a new window or tab,37900,✅Pro+Lifetime Office 2024 ✅Touchscreen ✅ Al Copilot,0,True,
"HP Essential Laptop Computer 15.6"" HD Intel Core i7 8 GB memory; 256 GB SSDOpens in a new window or tab",45999,Save $640 instantly,0,True,
"HP 14” HD Laptop, Intel Processor N150, 4GB RAM, 128GB UFS, Willow GreenOpens in a new window or tab",11900,Pre-Owned ·HP,0,False,
"~SCRATCH AND DENT SAVINGS~ 14"" Dell Rugged Laptop PC: Intel i5! Windows 10 Pro!Opens in a new window or tab",14994,"8GB RAM, 256GB SSD! Webcam! Heavily Discounted!!",0,True,
"Lenovo ThinkPad L13 Gen 2 13.3"" FHD i5-1135G7 8GB 256GB SSD Windows 11 Pro TouchOpens in a new window or tab",20900,Good - Refurbished ·Lenovo,0,True,
Acer Chromebook CP713-1WN-59KY i5-8250U @ 1.6GHz 16GB RAM 128GB eMMC ChromeOSOpens in a new window or tab,12499,Good - Refurbished ·Acer ·128 GB,0,True,27
"Lenovo IdeaPad Slim 3 15.6"" FHD Laptop Intel N100 4GB RAM 128GB Storage - NewOpens in a new window or tab",18500,Brand New ·Lenovo,0,True,
Panasonic Toughbook CF-33 Core i5 6300U 2.4GHz 8GB No SSDOpens in a new window or tab,19350,Pre-Owned ·Panasonic ·8 GB,0,False,
"Lenovo - IdeaPad 3i Chromebook 15.6"" Full HD Laptop - Intel Celeron 2021 - 4G...Opens in a new window or tab",,Brand New ·Lenovo,0,False,1790
"NEW HP Laptop Notebook 15.6"" Touch, Office 2024 AMD Ryzen 5, 8GB RAM & 256GB SSDOpens in a new window or tab",36900,✅Fast Shipping✅Manufacturer Warranty✅Clearance On Sale,0,True,
"Lenovo IdeaPad Laptop Computer 15.6"" Intel Celeron 2.8GHz 12GB RAM 256GB StorageOpens in a new window or tab",25900,Excellent - Refurbished ·Lenovo ·128 GB,0,True,
"HP EliteBook 850 G3 i7-6600U 2.60GHz 8GB RAM 256GB SSD WIN 11 PRO 15.6"" LaptopOpens in a new window or tab",11800,Pre-Owned ·HP ·256 GB,11800,False,
"15.6"" HP ProBook Laptop: Intel i5-6200U, 16GB RAM~256GB SSD, ZORIN CORE O.S!Opens in a new window or tab",19719,CD/DVD Burner! Backlit Keyboard! Rapid Delivery!,0,True,286
Microsoft Surface  Core i7 16GB RAM 512GB SSD Laptop A1769 - Silver - NO CHARGEROpens in a new window or tab,21999,Pre-Owned ·Microsoft ·512 GB,0,True,
Panasonic Toughbook CF-33 Core i5 7300U 2.6GHz 16GB 256gb NVME SSD W11 Pro LTEOpens in a new window or tab,37999,Good - Refurbished ·Panasonic,0,True,54
"Dell Latitude 5521 15"" FHD Intel Core i7-11850H 16GB RAm 512gb NVME WIN11 LaptopOpens in a new window or tab",37999,Excellent - Refurbished ·Dell ·512 GB,0,True,
"Dell Latitude 5570 15.6"" Core i3 128GB SSD 8GB RAM - Used / ServicedOpens in a new window or tab",11498,Pre-Owned ·Dell,0,False,
Dell Latitude 5440 10-Core i7-1365U 5.20GHz 256GB SSD 16GB RAM Windows 11 ProOpens in a new window or tab,34000,Pre-Owned ·Dell,0,False,79
2026 HP Slim Laptop Computer 14 Intel CPU 8GB RAM & 564GB Storage Office 365Opens in a new window or tab,28900,✅Fast Shipping✅Free MS Office 365✅Portable Thin & Light,0,True,
"HP Laptop Computer 15.6"" AMD Athlon Up to 3.2GHz 8GB RAM 256GB SSDOpens in a new window or tab",36700,✅Fast Shipping ✅Holiday Sale ✅1 Yr Microsoft Office 365,0,True,
"HP 14"" HD Laptop, Intel 4-Core N5030, 16GB RAM 320GB (64+256), Win 11 Office 365Opens in a new window or tab",28499,Brand New ·HP ·320 GB,0,True,
New ListingHP Pavilion DV6000 Laptop AMD Turion X2 TL-60 2GHz 2gb RAM 160gb HDD Windows 7Opens in a new window or tab,4999,Pre-Owned ·HP ·160 GB,4999,False,
"ASUS Vivobook 17 17.3"" FHD Intel 5 120U 1.4 GHz 8GB 512GB SSD W11H Laptop, BLOpens in a new window or tab",41799,Certified - Refurbished ·ASUS,0,True,8
"Dell Chromebook 3100 (11.6"", Intel Celeron, 4GB RAM, 16GB, ChromeOS TOUCH SCREENOpens in a new window or tab",3199,Pre-Owned ·Dell ·16 GB,0,False,
"New ListingHP Elitebook 840 G8 i7-1165G7 2.80GHZ,16GB, 256GB, WCam, WiFi, Win 11 CordOpens in a new window or tab",22000,Pre-Owned ·HP ·256 GB,22000,False,
HP ProBook 440 G5 Laptop 14” FHD Core i5 16GB RAM 256GB M.2 SSD Win 11 Pro HDMIOpens in a new window or tab,19999,Good - Refurbished ·HP,0,True,
"HP ProBook x360 11 G5 Laptop Celeron N4020 4GB 64GB  11.6"" Touch W11 Pro 2 in 1Opens in a new window or tab",8200,FRONT FACING CAMERA ON PALMREST- 100% TESTED COMPLETE,0,False,112
"15.6"" Dell E6520/30 Laptop Vintage Windows XP Pro 32 Bit i5 2ghz 4gb 250gb DVDOpens in a new window or tab",12499,Pre-Owned ·Dell ·250 GB,0,True,70
"Dell Latitude 7390 13.3"" Touch 2-in-1 Laptop Core i7 16GB RAM 512GB SSD Win 11Opens in a new window or tab",30374,Good - Refurbished ·Dell,0,True,195
"Samsung Chromebook 4 11.6"" 32 GB, Intel Celeron Processor Includes ChargerOpens in a new window or tab",5499,Pre-Owned ·Samsung ·32 GB,0,True,
"New ListingDell Latitude E7450 Laptop, Core i5-5300U 16GB RAM 128GB SSD Windows 11 ProOpens in a new window or tab",10000,Pre-Owned ·Dell,0,False,
"HP 17.3"" FHD Laptop, Intel Core i3-N305, 8GB RAM, 512GB SSD, Windows 11 HomeOpens in a new window or tab",37900,Brand New ·HP ·512 GB,0,True,29
"Lenovo ThinkPad E495 - 14"" Laptop - AMD Ryzen 5 3500U 8GB RAM 256GB SSD - Win 11Opens in a new window or tab",15000,Pre-Owned ·Lenovo,0,True,
"MSI Crosshair 18 HX AI A2XWGKG-012US 18"" Gaming Laptop QHD U9-275HX 5070 1TBOpens in a new window or tab",139900,2-Year Extended Warranty Serviced by Allstate,0,True,315
"Dell Inspiron 14"" Laptop Intel Core i5-1334U 8GB/512GB Win11 Home I5440-5463BLKOpens in a new window or tab",32999,Excellent - Refurbished ·Dell,0,True,
New ListingLOT OF 2 Dell Latitude 3390 2in1 13.3” Laptop Intel i3-7020U READOpens in a new window or tab,11450,Pre-Owned ·Dell,0,False,
FZ-G1 Toughpad i5-7300u 2.6GHz 8gb 256gb Windows 11 Tablet MK5 4gLTE Rugged TabOpens in a new window or tab,29999,Very Good - Refurbished ·Panasonic ·256 GB,0,True,
HP ProBook 6360b/i5/6GB RAM/500GB HDD/Win 7 (Activated) + DVD/Chrome/Power BrickOpens in a new window or tab,5995,Pre-Owned ·HP ·500 GB,5995,False,
"2026 Dell Laptop 16"" Touch Backlit Intel 5 120U 16GB RAM & 512GB SSD Office 2024Opens in a new window or tab",63900,✅Lifetime MS Office ✅Win 11 Pro ✅Backlit + Touchscreen,0,True,
2026 HP Pavilion Laptop 17 FHD AMD Ryzen 5 7430U 12GB RAM & 256GB SSD Win 11 ProOpens in a new window or tab,53900,✅Lifetime MS Office+ Win 11 Pro✅ FHD 17.3 ✅On Sale,0,True,
"New ListingDell laptop Latitude 7480 14"" TOUCH  i7- 2.6GHz 16GB Ram 512GB SSD Win 11 ProOpens in a new window or tab",22999,Open Box ·Dell ·512 GB,0,False,
HP ProBook 450 G5 Business Laptop 15.6” Core i5 16GB RAM 512GB SSD Win 11 ProOpens in a new window or tab,30456,Good - Refurbished ·HP,0,True,40
Microsoft Surface Book 3 15” i7 1065G7 1.3GHz 16GB RAM -256GB SSDGeForce GTX TiOpens in a new window or tab,37500,Pre-Owned ·Microsoft ·256 GB,37500,False,
OVERSTOCK~ 11.6 HP Pro X360 Laptop PC: TouchScreen! Webcam! Windows 11 Pro!Opens in a new window or tab,22995,4GB RAM ~ 63GB SSD! 1 Year Warranty!,0,True,42
"Dell Chromebook 3100 11.6"" intel celeron 4GB RAM 16GB eMMCOpens in a new window or tab",2499,Pre-Owned ·Dell,0,False,
Touchscreen Lenovo Thinkpad X1 Carbon Gen 9 (Intel i7-1185G7 / 16GB RAM / 512GB)Opens in a new window or tab,37999,Touchscreen / Free All-State Warranty,0,True,30
"New ListingDynabook Portege X30W-J 2-in-1 13"" Touchscreen i5 2.49GHz/8GB/256GB SSD, 2.2 lbsOpens in a new window or tab",30000,Pre-Owned ·dynabook ·256 GB,30000,False,
Cyber Special - Dell Latitude 5520 Laptop - 2.6 GHz i5-1145G7 16GB 512GB - TouchOpens in a new window or tab,24800,Pre-Owned ·Dell,0,True,747
FZ-G1 Toughpad i5-7300u 2.6GHz 8gb 256gb Windows 11 Tablet MK5 4gLTE Rugged TabOpens in a new window or tab,29999,Very Good - Refurbished ·Panasonic ·256 GB,0,True,
"Dell Latitude 5400 14"" Touchscreen i5-8365U 4GB RAM 128GB SSD Windows 11 TESTEDOpens in a new window or tab",15000,Pre-Owned ·Dell,0,False,247
New ListingDell Latitude 7310 i5-10310U 256GB NVMe 16GB FHD touch TB3 IR Cam vPro W11POpens in a new window or tab,15000,Pre-Owned ·Dell ·256 GB,0,True,
"New ListingLenovo ThinkBook 14 G3 ACL  AMD Ryzen 7 570U 24GB RAM 512GB SSD- Webcam- 14""-SPOpens in a new window or tab",27900,Pre-Owned ·Lenovo ·512 GB,0,True,
"Lenovo ThinkPad T14 Gen 5 FHD+ Touch, Ryzen 7 PRO 8840U, 32GB RAM 512GB SSD 2 YROpens in a new window or tab",82994,Excellent - Refurbished ·Lenovo ·512 GB,0,True,142
"Dell Latitude E5470 14"" Laptop Intel Core i5 8GB RAM 512GB SSD Windows 10 HDMIOpens in a new window or tab",14994,Pre-Owned ·Dell ·512 GB,0,False,
"13.3"" Dell Latitude Laptop PC: Intel i5 Quad Core! Backlit Keyboard! TouchScreenOpens in a new window or tab",35116,16GB RAM- 256GB NVME SSD! Windows 11 Pro! FHD 1080P!,0,True,462
Dell Latitude 5420 14” Core i7 11th Gen 16GB RAM 512GB HDD Win11Opens in a new window or tab,20499,Pre-Owned ·Dell ·512 GB,0,False,
Dell Latitude 5520 15.6” Core i7-1185G7 32GB 1TB SSD Win 11 Pro TouchscreenOpens in a new window or tab,54500,Excellent - Refurbished ·Dell,0,True,
Dell Latitude Laptop Light Gaming PC Core i7 16GB RAM 512GB SSD Windows 11 ProOpens in a new window or tab,32333,Good - Refurbished ·Dell,0,True,2393
"Dell Latitude 5520 Laptop i5-1145G7 up to 64GB RAM & 2TB SSD 15.6"" TouchscreenOpens in a new window or tab",26800,Refurbished!! FHD Touchscreen! Customizable RAM and HD!,0,True,
New ListingACER CB5-571 ZRF Chromebook Laptop/4GB/16GB SSDOpens in a new window or tab,2249,Pre-Owned ·Acer,0,False,
"Dell Latitude 5420 14"" Laptop i5-1145G7 16GB RAM 256GB SSDOpens in a new window or tab",16795,Pre-Owned ·Dell ·256 GB,0,False,
"Lenovo LOQ 15.6"" FHD 144Hz AMD Ryzen 7 250 NVIDIA RTX 5060 Laptop 16GB RAM 512GBOpens in a new window or tab",99999,AI-Powered Gaming Laptop,0,True,613
Getac V110 G3 Toughbook Tablet i7-6600U 2.60GHz 512GB SSD 16GB Ram - Grade AOpens in a new window or tab,32999,Pre-Owned ·Getac ·512 GB,32999,False,9
GOOGLE PIXELBOOK G021A | INTEL CORE I5-8200Y 1.30GHZ | 128GB | 16GB | CHROMEOSOpens in a new window or tab,24900,Pre-Owned ·Google ·128 GB,0,False,16
"New ListingLenovo ThinkPad P53s Laptop 15.6"" I7 NVIDIA Quadro 16 GB No SSD. Parts Has IssueOpens in a new window or tab",18000,Parts Only ·Lenovo,18000,False,
"Asus Vivobook FHD 17.3"" Laptop, Intel Core 5 120U, 16GB RAM, 512GB SSD, BacklitOpens in a new window or tab",51900,Brand New ·ASUS ·512 GB,0,True,
"Dell Latitude E7470 14"" FHD Intel Core i5-6300U 2.4GHz 16GB 240GB SSD Windows 11Opens in a new window or tab",7998,Pre-Owned ·Dell,0,True,
"New ListingMicrosoft Surface 5 Laptop PC 13.5"" Intel i5, 8GB/512GB Touch, Sage (R1S-00051)Opens in a new window or tab",32999,Pre-Owned ·Microsoft ·512 GB,0,False,
New ListingDell Inspiron 15  5515 AMD RYZEN 7 5700U 16GB RAM 128GB SSD win 11Opens in a new window or tab,22999,Pre-Owned ·Dell ·16 GB,22999,False,
CLEARANCE~ 11.6 HP Pro Fortis G9 Laptop PC: TouchScreen! Webcam! Windows 11 Pro!Opens in a new window or tab,23995,4GB RAM ~ 63GB SSD! 1 Year Warranty!,0,True,15
"Lenovo L590 1.6GHz i5-8265U 8GB 256GB SSD Win 11 Pro Webcam 15.6"" Passed TestsOpens in a new window or tab",16800,Pre-Owned ·Lenovo ·256 GB,0,False,
💥NEW💥 Acer Chromebook 315 15.6 inch Laptop Intel Processor N4500 4GB RAM 64GBOpens in a new window or tab,12999,Brand New ·Acer ·64 GB,12999,False,29
Dell Precision 3560 Laptop 2.6 GHz i5-1145G7 8GB 256GB SSD  WebcamOpens in a new window or tab,20900,Pre-Owned ·Dell ·256 GB,0,True,11
"Lenovo IdeaPad 3 15IAU7 15.6"" Touch i7-1255U 16GB 512GB FPR CAM Win11H 2Yr WntyOpens in a new window or tab",49900,Certified - Refurbished ·Lenovo ·512 GB,0,True,
"New ListingAcer Predator Helios 300 15.6"" gaming laptop i7 16GB 256 GB SSD GTX 1060 usedOpens in a new window or tab",38990,Pre-Owned ·Acer ·256 GB,38990,False,
New ListingDELL LATITUDE 5320 TOUCH CORE i7-1185G7@ 3.00GHZ - 16GB RAM - NO HDDOpens in a new window or tab,19900,Pre-Owned ·Dell,19900,False,
Open Box: HP 15.6  FHD IPS Notebook Intel Core i7-1255U 16GB RAM 512GB SSD NaturOpens in a new window or tab,42900,Open Box ·HP,0,True,18
"Dell Inspiron 14"" Laptop Intel Core i5-1334U 8GB/512GB Win11 Home I5440-5463BLKOpens in a new window or tab",32999,Excellent - Refurbished ·Dell,0,True,
"14"" Dell Latitude Laptop i5 Dual Core  Up To 16GB RAM 1TB HDD Zorin Core EditionOpens in a new window or tab",11985,Pre-Owned,11985,False,
"New ListingThinkPad X 1 Carbon 8th Gen - i7, 16GB RAM, 1TB SSD - Windows 11 ProOpens in a new window or tab",27500,Pre-Owned ·Lenovo ·1 TB,0,False,
HP Chromebook x360 14 G1 i5-8350U 1.70GHz 8GB RAM 64GB! No Charger Included!Opens in a new window or tab,8499,Pre-Owned ·HP ·64 GB,8499,False,
"Lenovo IdeaPad Slim 5 16"" WUXGA Touch Laptop Ryzen AI 7 350 16GB 1TB 83HY001KUSOpens in a new window or tab",52900,Open Box ·Lenovo ·1 TB,0,True,27
"New ListingLenovo ThinkPad T14 Gen 5 FHD+ Touch, Ryzen 7 PRO 8840U, 32GB RAM 512GB, HP 65WOpens in a new window or tab",81994,Excellent - Refurbished ·Lenovo ·512 GB,0,True,
Panasonic FZ-G1 ToughPad i5-6300U 2.40GHz 8GB RAM 256Gb SSD No OSOpens in a new window or tab,9999,Pre-Owned ·Panasonic,0,True,
"HP 15-fd0038ca 15.6"" FHD Intel Processor N100 8GB DDR4 512GB SSD W11H Laptop, BKOpens in a new window or tab",18499,Very Good - Refurbished ·HP,0,True,
Dell Latitude 7420 Intel i7-1185G7 3.00GHz 16GB Ram Laptop {}Opens in a new window or tab,16995,Pre-Owned ·Dell,0,True,
"HP Pavilion x360 14-ek2055cl 14"" FHD Touch Intel 5 120U 16GB 1TB W11H Laptop, SLOpens in a new window or tab",46549,Certified - Refurbished ·HP,0,True,
"Dell Chromebook 3100 2-in-1 11.6"" Touchscreen Intel 2.40 4GB RAM Bluetooth WiFiOpens in a new window or tab",8799,💸 Tax Refund Upgrade Sale 💻 1-Year Warranty ✅,0,True,
"HP 14b-cd0023dx 14"" FHD Touch Intel Core i3-N305 8GB 256GB UFS ChromeOS LaptopOpens in a new window or tab",23999,Certified - Refurbished ·HP,0,True,
"New ListingDell Latitude 5430 14"" FHD Touch Laptop i7-1265U 16GB | 256GB WIN11POpens in a new window or tab",27999,Pre-Owned ·Dell ·256 GB,0,False,
"HP ZBOOK 17 G6 17"" Intel Core i7-9850H 2.60GHz 32GB RAM 512GB NVMeOpens in a new window or tab",40249,Pre-Owned ·HP,0,True,
"Lenovo ThinkPad P14s Gen 5 14.5"" WUXGA Ultra 5 135H 32GB 512GB SSD IR Cam FPROpens in a new window or tab",81900,Brand New ·Lenovo,0,True,
"Lenovo IdeaPad 5i 16"" WUXGA 2-in-1 Ultra 7 255U 32GB 1TB 83KS001BUS w/ PenOpens in a new window or tab",63500,Open Box ·Lenovo ·1 TB,0,False,
"New ListingDELL Latitude 5340 13"" Touchscreen 32GB Ram i7-1365U (13th Gen) 512GB SSD WIN 11Opens in a new window or tab",30000,Pre-Owned ·Dell ·512 GB,0,False,
"Dell Latitude 5420 Quad Core i7 16GB 512GB SSD Windows 11 ""Light Gaming""Opens in a new window or tab",29191,Very Good - Refurbished ·Dell ·512 GB,0,True,
Dell Precision 3570 i5-1245U 12th Gen NVIDIA GPU NO HD/RAM OR AC #z8Opens in a new window or tab,14999,Pre-Owned ·Dell,0,False,
HP ELITEBOOK 840 G7 i7-10610U | 1.80GHz | 8GB RAM | OPEN BIOS | GOOD BATTERYOpens in a new window or tab,17000,Pre-Owned ·HP,0,True,
Dell Latitude 5420 Quad Core i7-1185G7 3.00GHz P137G Win 11 USB-C ThunderboltOpens in a new window or tab,22500,Pre-Owned,0,False,
"Dell LATITUDE 3310 13.3 8th Gen Intel i5-8265U @ 1.60GHz, 8GB RAM 256GB Win 11Opens in a new window or tab",13999,Pre-Owned ·Dell ·256 GB,0,False,52
"Dell Latitude 3379 13.3"" 2in1 Laptop Intel i5 6th Gen 4GB RAM 128GB SSD W11 -RROpens in a new window or tab",11000,Pre-Owned ·Dell,0,True,
"Dell LATITUDE 3310 13.3 8th Gen Intel i5-8265U @ 1.60GHz, 8GB RAM 256GB Win 11POpens in a new window or tab",14000,Very Good - Refurbished ·Dell ·256 GB,0,True,251
Dell Latitude Laptop Light Gaming PC Core i7 16GB RAM 512GB SSD Windows 11 ProOpens in a new window or tab,32333,Good - Refurbished ·Dell,0,True,2393
"Dell Latitude 5420 14"" Laptop i5-1145G7 16GB RAM 256GB SSDOpens in a new window or tab",16795,Pre-Owned ·Dell ·256 GB,0,False,
CLEARANCE~ 11.6 HP Pro Fortis G9 Laptop PC: TouchScreen! Webcam! Windows 11 Pro!Opens in a new window or tab,23995,4GB RAM ~ 63GB SSD! 1 Year Warranty!,0,True,15
"Lenovo ThinkPad X395 13.3"" 16GB 512GB, BlackOpens in a new window or tab",20590,Excellent - Refurbished ·Lenovo ·512 GB,0,True,
"Dell Inspiron 14"" Laptop Intel Core i5-1334U 8GB/512GB Win11 Home I5440-5463BLKOpens in a new window or tab",32999,Excellent - Refurbished ·Dell,0,True,
Dell 16 DC16255 Touch Screen *3.3GHz AMD Ryzen 7 250/16GB RAM/1TB SSD GoodOpens in a new window or tab,37500,Pre-Owned ·Dell ·1 TB,0,False,
"HP ZBOOK 17 G6 17"" Intel Core i7-9850H 2.60GHz 32GB RAM 512GB NVMeOpens in a new window or tab",40249,Pre-Owned ·HP,0,True,
"Microsoft Surface Pro 5 1796 12.3"" i7-7660U 16GB RAM 512 GB SSD Win11Opens in a new window or tab",16999,Very Good - Refurbished ·Microsoft ·512 GB,0,True,
"Lenovo L590 1.6GHz i5-8265U 8GB 256GB SSD Win 11 Pro Webcam 15.6"" Passed TestsOpens in a new window or tab",16800,Pre-Owned ·Lenovo ·256 GB,0,False,
Panasonic  CF-20 Core i5 7Y57 8GB RAM 256GB Hard Drive MK2  *PLEASE READ*Opens in a new window or tab,12222,GOOD CONDITION,12222,False,
"New ListingLenovo ThinkBook 15 G2 ITL 15.6"" Intel i7-1165G7 @ 2.80GHz 24GB DDR4 256GB SSDOpens in a new window or tab",19800,Pre-Owned ·Lenovo,19800,False,
"Acer Aspire Go 15 15.6"" Notebook FHD Intel i3-N305 8GB 128GB SSD UHD RefurbishedOpens in a new window or tab",18999,Official Acer Recertified Store (Certified Refurbished),0,True,253
"14"" Dell Latitude Laptop i5 Dual Core  Up To 16GB RAM 1TB HDD Zorin Core EditionOpens in a new window or tab",11985,Pre-Owned,11985,False,
"New ListingThinkPad X 1 Carbon 8th Gen - i7, 16GB RAM, 1TB SSD - Windows 11 ProOpens in a new window or tab",27500,Pre-Owned ·Lenovo ·1 TB,0,False,
"Dell LATITUDE 3310 13.3 8th Gen Intel i5-8265U @ 1.60GHz, 8GB RAM 256GB Win 11Opens in a new window or tab",13999,Pre-Owned ·Dell ·256 GB,0,False,52
Hp Zbook Firefly 14 G8 i7-1185G7 16GB/512GB NVME Windows 11 ProOpens in a new window or tab,24999,Pre-Owned ·HP,0,True,48
"Dell Latitude 3379 13.3"" 2in1 Laptop Intel i5 6th Gen 4GB RAM 128GB SSD W11 -RROpens in a new window or tab",11000,Pre-Owned ·Dell,0,True,
"15.6"" HP 6560/70b Series Laptop Windows 7 64 Bit i3 2ghz 4gb 250gb Serial PortOpens in a new window or tab",12499,Pre-Owned ·HP ·250 GB,0,True,
New ListingLOT OF 2 Dell Latitude 3390 2in1 13.3” Laptop Intel i3-7020U READOpens in a new window or tab,11450,Pre-Owned ·Dell,0,False,
"~CD/DVD BURNER~ 14"" HP ProBook Laptop PC: Intel i5! 16GB RAM - 256GB SSD! Win 10Opens in a new window or tab",18974,1 Year Warranty!  Wi-Fi Ready! Rapid Delivery!,0,True,159
"Dell Chromebook 11 3180 11.6"" Intel 1.6GHz 4GB 16GB SSD Laptop , w charger. S3Opens in a new window or tab",2999,Pre-Owned ·Dell ·16 GB,0,False,
Lenovo ThinkPad Yoga 11e Intel m3 CPU 8GB RAM 128GB SSD Windows 11 - C-GRADE!Opens in a new window or tab,7222,Pre-Owned ·Lenovo ·128 GB,0,True,83
"ASUS VivoBook Laptop Intel Core Ultra 7 256V 16GB 1 TB SSD 14"" Touch W11HOpens in a new window or tab",63249,"Shop With Confidence, Buy From Newegg",0,True,103
New Listinghp 17 inch laptop Intel I3 16gb RAM 256gb SSDOpens in a new window or tab,29900,Open Box ·HP ·256 GB,29900,False,
New ListingLOT OF 3 Lenovo ThinkPad T470 14” Intel Core i5-7300U 2.60GHz READOpens in a new window or tab,16900,Parts Only ·Lenovo,0,False,
HP EliteBook 850 G8 15.6 FHD Laptop 11th Gen i7-1185G7 16GB 256GB Win11 ProOpens in a new window or tab,43999,Refurbished - 1 year Allstate warranty,0,True,
"Acer Aspire Go 15 15.6"" Laptop AMDRyzen5 16GB RAM 1TB SSD AG15-21PT RefurbishedOpens in a new window or tab",33199,Certified - Refurbished ·Acer,0,True,156
"New ListingASUS ROG Strix G16 (2025) Gaming Laptop, 16” FHD+ 16:10 165Hz/3ms Display, NVIDIOpens in a new window or tab",63900,Brand New ·ASUS ·1 TB,0,False,
CHUWI Laptop 14.1'' HD Intel Celeron N4000 8GB 256GB SSD Webcam Windows 11 HOpens in a new window or tab,28599,Brand New ·Chuwi ·256 GB,0,True,79
"Dell Latitude 5420 14"" FHD i5-1145G7 Iris Xe 16GB DDR4 512GB NVMe SSD W11 LaptopOpens in a new window or tab",27999,Excellent - Refurbished ·Dell ·512 GB,0,True,56
"New ListingHP EliteBook 845 G7 Ryzen 5 PRO 16GB 238GB SSD 14"" Windows 11 Pro SilverOpens in a new window or tab",24999,Pre-Owned ·HP ·238 GB,24999,False,
Hp 350 G1 LaptopOpens in a new window or tab,19998,Brand New ·HP,19998,False,
Dell Latitude 9430 14 Core i7 32GB 1TB Gray 2022 - Very GoodOpens in a new window or tab,47999,Very Good - Refurbished ·Dell ·1 TB,0,True,
"Lenovo ThinkPad T490 Laptop i5 8265U 1.60GHZ 14"" FHD 8GB 256GB NVMe Windows 11Opens in a new window or tab",16999,Pre-Owned ·Lenovo,0,True,
"New ListingDell Latitude E7450 Laptop, Core i5-5300U 16GB RAM 128GB SSD Windows 11 ProOpens in a new window or tab",10000,Pre-Owned ·Dell,0,False,
Lenovo ThinkPad T490 Intel Core i7 8565u 1.8GHz 32GB RAM 1TB SSD Win 11 ProOpens in a new window or tab,44500,Excellent - Refurbished ·Lenovo,0,True,
"Dell - 15.6"" FHD Laptop - AMD Ryzen 7 7730U 2023 - 16GB Memory - 1TB Storage ...Opens in a new window or tab",,Brand New ·Dell,0,False,450
HP EliteBook 845 G7 Ryzen 5 PRO 4650U 16GB 256GB SSD Win11 Pro RenewedOpens in a new window or tab,28999,Certified - Refurbished ·HP ·256 GB,0,True,
Dell Latitude 14” Business Laptop Intel Core i7 16GB RAM 256GB SSD Win 11 WiFiOpens in a new window or tab,25806,Good - Refurbished ·Dell,0,True,54
"Acer Aspire 3 15.6"" FHD Ryzen 5 7520U 16GB DDR5 RAM 1TB SSD RefurbishedOpens in a new window or tab",30099,Very Good - Refurbished ·Acer,0,True,43
"Lenovo 100e 2nd Gen 11.6"" AMD 3015e @ 1.20GHz 4GB RAM 64GB Win11Pro LAPTOP.Opens in a new window or tab",4999,Pre-Owned ·Lenovo ·64 GB,0,False,75
"Lenovo TP X1 Carbon G9 14-Inch WUXGA Touch Intel i7-1185G7 16GB, 256GB SSD W11POpens in a new window or tab",47999,🛡️1yr Allstate Warranty 📞Pro Support 🔁Free Returns,0,True,
"MSI Raider GE68 HX 14VGG-287US 16"" Gaming Laptop i9-14900HX RTX 4070 32GB 1TBOpens in a new window or tab",129900,2-Year Extended Warranty Serviced by Allstate,0,True,42
Getac F110 G2 i5-5200U 2.20GHz 4GB RAM 256GB SSD Tablet Win 11*Opens in a new window or tab,9999,Pre-Owned ·Getac ·256 GB,0,True,
"Lenovo IdeaPad Flex 5 14"" FHD+ Chrome 14IAU7 Laptop i5-1334U 8GB RAM 256GB Ob AOpens in a new window or tab",19500,Open Box ·Lenovo ·256 GB,0,False,
New ListingLot of 2 - Hp Probook 4530s | 4GB RAM | 500GB | i3-2310M | WIN10 | Bad BatteriesOpens in a new window or tab,11995,Pre-Owned ·HP ·500 GB,0,False,
"Microsoft Surface Laptop 3 13.5"" Touch Intel i7-1065G7 16GB 256GB SSD - BlackOpens in a new window or tab",25999,Pre-Owned ·Microsoft,0,True,345
"New ListingASUS V16 Gaming Laptop, 16” WUXGA 144Hz Display, Intel Core 7 Processor 240H, NVOpens in a new window or tab",82445,Brand New ·ASUS ·4 TB,0,False,
"HP ProBook x360 11 G1 11.6"" TouchScreen Notebook PC 4GB 128GB SSD Windows 10 ProOpens in a new window or tab",7800,Pre-Owned ·HP ·128 GB,0,False,1117
"New ListingLenovo V15 Business Laptop, 15.6"" FHD LED Laptop Computer,16GB RAM 1.5TB StorageOpens in a new window or tab",30000,Brand New ·Lenovo ·1.5 TB,0,False,
"HP EliteBook 840 G7, i7‑10610U, 16GB, 512GB, Win11 Pro, Touch, FPOpens in a new window or tab",30000,Excellent - Refurbished ·HP ·512 GB,0,True,
"Dell Chromebook 3100 2-in-1 11.6"" Touchscreen Intel 2.40 4GB RAM Bluetooth WiFiOpens in a new window or tab",8799,💸 Tax Refund Upgrade Sale 💻 1-Year Warranty ✅,0,True,
"Dell Latitude 5410 14"" I5-10310U 1.70GHz 8GB RAM 256GB SSD Win 11 Pro LaptopOpens in a new window or tab",17900,Pre-Owned ·Dell,0,True,
"New ListingDell Latitude 5430 14"" Intel Core i5-1235U 16GB RAM 256GB SSD| Windows 11 ProOpens in a new window or tab",29939,Pre-Owned ·Dell ·256 GB,0,True,
Dell 16 Plus DB16250 16 Silver FHD 3.3 GHz Ultra 9 288V 32GB 1TB SSD Ob AOpens in a new window or tab,67500,Open Box ·Dell ·1 TB,0,False,
"HP Envy x360 16-ad0023dx 16"" WUXGA Touch AMD Ryzen 7 8840HS 16GB 1TB W11H LaptopOpens in a new window or tab",54149,Very Good - Refurbished ·HP,0,True,
Hp ProBook 455 G7 15-inch (2020) - Ryzen 5 4500U - 8 GB - SSD 256 GBOpens in a new window or tab,18000,Pre-Owned ·HP,0,True,86
"New ListingThinkPad X 1 Carbon 8th Gen - i7, 16GB RAM, 1TB SSD - Windows 11 ProOpens in a new window or tab",25000,Pre-Owned ·Lenovo ·1 TB,0,False,
"New ListingPixelbook Go 13.3"" 128GB SSD, Intel Core i5 8th Gen. 1.30GHz, 8GB) ChromebookOpens in a new window or tab",39500,Brand New ·Google,0,False,
"Dell Latitude 5420 Laptop - 2.6 GHz i5-1145G7 16GB 512GB SSD - 14"" TouchscreenOpens in a new window or tab",25800,One Year Warranty Included! Quality Refurbished Laptop!,0,True,46
Dell Latitude 7410 i5-10310U 1.7GHz 8GB RAM 256GB NVMe W11POpens in a new window or tab,17900,Very Good - Refurbished ·Dell,0,True,
New ListingDell USB-C 65W/90W Laptop Charger Adapter OEMOpens in a new window or tab,1000,Pre-Owned ·Dell,1000,False,
HP EliteBook 8570W Workstation i7-3630QM 24GB RAM 256GB SSD Win 11 proOpens in a new window or tab,29999,Pre-Owned ·HP,0,True,
"NIMO 15.6'' IPS FHD-Laptop, 8GB RAM 256GB SSD AMD Ryzen 5(Beat i5-1135G7,4 CoresOpens in a new window or tab",22999,Open Box ·256 GB,0,True,
"HP 15.6"" Touch Laptop 13th Gen Intel i3, 12GB RAM & 256GB SSD, Office Win 11 ProOpens in a new window or tab",34900,Open Box ·HP ·256 GB,0,True,14
"Dell Latitude 7350 Laptop PC Intel Ultra 5 135U 16GB Ram 256GB NVMe Win 11, Cam.Opens in a new window or tab",44444,Very Good - Refurbished ·Dell,0,True,
"Dell Inspiron 15 15.6"" FHD Touch AMD Ryzen 7 7730U 16GB 512GB SSD Win11 - BlackOpens in a new window or tab",32499,Very Good - Refurbished ·Dell,0,True,
New ListingLOT OF 3 Lenovo ThinkPad T470 14” Intel Core i5-7300U 2.60GHz READOpens in a new window or tab,16900,Parts Only ·Lenovo,0,False,
"Dell Latitude 3189 Touchscreen Laptop 11.6"" Celeron 4GB 128GB SSD Windows 10Opens in a new window or tab",9800,Pre-Owned ·Dell ·128 GB,0,False,476
"Dell Inspiron 3530 15.6"" FHD Touch i7-1355U 16GB 1TB W11H i3530-7837BLK-PUSOpens in a new window or tab",49400,Certified - Refurbished ·Dell,0,True,
"Lenovo Chromebook 500e 3rd Gen 2in1 11.6"" (N5100 - 8GB RAM - 64GB eMMC)Opens in a new window or tab",6484,Pre-Owned ·Lenovo,0,True,
"New ListingDell Latitude 5410 14"" Intel Core i5-10310U 1.7GHz 16GB RAM 256GB Nvme Win 11proOpens in a new window or tab",19800,Sku#Zpc26004 reconditioned W/ Nvme Storage Win 11 Pro,0,False,
"YELLOW TOUCHSCREEN ProBook430  6th GEN. CPU, 12G RAM,128G SSD+500G HDD,CAM,Win11Opens in a new window or tab",13777,Pre-Owned ·HP ·500 GB,0,False,
"Lenovo ThinkPad X13 Gen 2 13.3"" Touch i5-1145G7 16GB 256GB SSD W11 Pro RenewedOpens in a new window or tab",28699,Excellent - Refurbished ·Lenovo ·256 GB,0,True,
"14"" FHD HP ProBook Laptop PC: Intel i5-8265U! Backlit Keyboard! Windows 11 Pro!Opens in a new window or tab",26188,8GB RAM! 256GB NVME SSD! 1 Year Warranty!,0,True,
Dell Latitude 7430 14 Core i7 16GB 256GB Black 2022 - GoodOpens in a new window or tab,24999,Good - Refurbished ·Dell ·256 GB,0,True,
"New ListingLenovo ThinkPad T490 14"" i7-8565U 16gb, 512GB NVME SSD FHD  laptop win 11 proOpens in a new window or tab",34999,Open Box ·Lenovo ·512 GB,0,False,
"New ListingDell Latitude E5570 15.6"" FHD Core i7 6600U 8GB 250GB Complete Laptop No OSOpens in a new window or tab",11900,Pre-Owned ·Dell,0,False,
Dell 16 DC16255 Touch Screen *3.3GHz AMD Ryzen 7 250/16GB RAM/1TB SSD GoodOpens in a new window or tab,37500,Pre-Owned ·Dell ·1 TB,0,False,
YELLYOUTH  Laptop 15.6 inch Notebook Computer 8GB RAM 128GB SSD Intel Quad CoreOpens in a new window or tab,17900,Open Box ·128 GB,0,False,
"ASUS Chromebook Plus CX 14"" Touchscreen Laptop. Intel Core 3-N355, 256GB, 8GB ObOpens in a new window or tab",17500,Open Box ·ASUS ·256 GB,0,False,
"Lenovo ThinkPad E495 - 14"" Laptop - AMD Ryzen 5 3500U 8GB RAM 256GB SSD - Win 11Opens in a new window or tab",15000,Pre-Owned ·Lenovo,0,True,
"Dell Latitude 5320 13.3"" i7-1185G7@3.0GHz 16G RAM 500GB No Battery *READ*Opens in a new window or tab",16999,Pre-Owned ·Dell,0,False,
"New ListingLot of 2 Lenovo ThinkPad X1 Carbon 9th Gen, i7-1185G7, 16GB RAM, Grade C, A7Opens in a new window or tab",60000,Pre-Owned ·Lenovo,0,False,
"New ListingDell Latitude E7450 Laptop, Core i5-5300U 16GB RAM 128GB SSD Windows 11 ProOpens in a new window or tab",10000,Pre-Owned ·Dell,0,False,
"New ListingLG Gram Pro 16"" 2-in-1 Touchscreen 16tp90sp-g.aab4u1Opens in a new window or tab",73900,Pre-Owned ·LG ·512 GB,73900,False,
"HP 14"" HD Laptop, Intel 4-Core N5030, 16GB RAM 320GB (64+256), Win 11 Office 365Opens in a new window or tab",28499,Brand New ·HP ·320 GB,0,True,
HP EliteBook 850 G8 15.6 FHD Laptop 11th Gen i7-1185G7 16GB 256GB Win11 ProOpens in a new window or tab,43999,Refurbished - 1 year Allstate warranty,0,True,
"Dell laptop Latitude 7480 14""   i5-7300U 16GB Ram 512GB SSD Windows 11 ProOpens in a new window or tab",24999,Open Box ·Dell ·512 GB,0,False,
"DELL Latitude 5430 14"" FHD Core i5-1245U 4.4GHz 16GB RAM 512GB SSD Win 11 ProOpens in a new window or tab",34500,Very Good - Refurbished ·Dell,0,True,
"Dell Latitude 5400 Chrome 14"" Intel Celeron 4305U 8GB DDR4 256GB SSD ChromeOSOpens in a new window or tab",10498,Non-Touchscreen - Non-Backlit Keyboard *RFB*,0,True,
Hp Zbook Firefly 14 G8 i7-1185G7 16GB/512GB NVME Windows 11 ProOpens in a new window or tab,24999,Pre-Owned ·HP,0,True,48
"HP EliteBook 845 G8 Laptop AMD Ryzen 5 PRO 5650U 32GB Memory 256GB 14.0"" FHD WinOpens in a new window or tab",37749,"Shop With Confidence, Buy From Newegg",0,True,337
"New ListingDell Latitude E7450 Laptop, Core i5-5300U 16GB RAM 128GB SSD Windows 11 ProOpens in a new window or tab",10000,Pre-Owned ·Dell,0,False,
"HP EliteBook X G1i 14"" Notebook Next Gen AI PC Intel Ultra 5 226V 4.5 GHz 16GB 5Opens in a new window or tab",79999,Brand New ·HP,0,True,15
"Lenovo IdeaPad 1 14"" HD Intel N4500 8GB RAM 256GB Storage Office 365 1TB CloudOpens in a new window or tab",22900,Brand New ·Lenovo,0,True,
"Samsung Chromebook 4 11.6"" 32 GB, Intel Celeron Processor Includes ChargerOpens in a new window or tab",5499,Pre-Owned ·Samsung ·32 GB,0,True,
HP EliteBook Laptop Computer PC 14 AMD Ryzen 5 PRO 32GB RAM 1TB Windows 11 ProOpens in a new window or tab,42999,Microsoft Office 2021 - One Year Warranty - MEGA SALE!!,0,False,
"Lenovo IdeaPad Flex 5 14IAU7 14"" Touch Laptop Intel i5-1235U 8GB RAM 512GB SSDOpens in a new window or tab",32599,Certified - Refurbished ·Lenovo,0,True,34
"Dell Latitude 3140 2in1 - 8GB RAM, 128GB UFS, Intel N200, Windows 11 EducationOpens in a new window or tab",24999,Brand New ·Dell ·128 GB,24999,False,219
"HP ELITEBOOK 745 G6 14"" AMD Ryzen 7 3700U 2.30GHz 16GB RAM 256GB NVMeOpens in a new window or tab",20124,Pre-Owned ·HP,0,True,39
Dell D620 Laptop / 1.66ghz  / 2gb / Windows XP / WIFI / DVD / very fast! RS232 !Opens in a new window or tab,16500,Fully Tested Complete with Battery and AC adapter READY,0,True,2793
💥NEW💥 Acer Nitro V  RTX 5050/165Hz Gaming Laptop 16GB RAM/512 SSD Ships FastOpens in a new window or tab,73895,Brand New ·Acer ·512 GB,0,True,148
"HP 14” HD Laptop, Intel Processor N150, 4GB RAM, 128GB UFS, Willow GreenOpens in a new window or tab",11900,Pre-Owned ·HP,0,False,
Linux Ubuntu Laptop With Charger | Fully Tested | Any Linux Distro InstallationOpens in a new window or tab,7998,Pre-Owned,0,True,
"ASUS Vivobook Go 15 15.6"" FHD Intel Celeron N4500 4GB 128G eMMC W11S Laptop WHOpens in a new window or tab",17999,Certified - Refurbished ·ASUS,0,True,
Dell Latitude 5290 2-n-1 Tablet i5-8350U 256GB SSD 8GB DDR3 Black-C/S2-Read DesOpens in a new window or tab,7200,Pre-Owned ·Dell ·256 GB,0,True,
"Dell Latitude 5500 15.6"" Core i7-8665U 1.9GHz 12GB RAM 256GB Nvme Wifi Win 11Opens in a new window or tab",18000,Pre-Owned ·Dell ·256 GB,0,False,
"New ListingLenovo ThinkBook 14 G3 ACL  AMD Ryzen 7 570U 24GB RAM 512GB SSD- Webcam- 14""-SP2Opens in a new window or tab",27900,Pre-Owned ·Lenovo ·512 GB,0,True,
"Lenovo - IdeaPad 3i Chromebook 15.6"" Full HD Laptop - Intel Celeron 2021 - 4G...Opens in a new window or tab",,Brand New ·Lenovo,0,False,1790
"New ListingLenovo ThinkPad T14 Gen 5 FHD+ Touch, Ryzen 7 PRO 8840U, 32GB RAM 512GB, HP 65WOpens in a new window or tab",81994,Excellent - Refurbished ·Lenovo ·512 GB,0,True,
"New ListingDell Precision 5510, Nvidia M1000M, i7-6820HQ, 12GB - 256 NVMe + 128 Win 11 ProOpens in a new window or tab",19900,Pre-Owned ·Dell,0,False,
New ListingLenovo Thinkpad T470 i5-7200 2.5GHz 8GB RAM 128GB SSDOpens in a new window or tab,8500,Pre-Owned ·Lenovo,8500,False,
Panasonic Toughbook CF54 i5 6300U 16GB RAM 256GB SSD Win 10 Pro TouchscreenOpens in a new window or tab,29900,Good - Refurbished ·Panasonic,0,True,241
"HP 17.3"" FHD Laptop, Intel Core i3-N305, 8GB RAM, 512GB SSD, Windows 11 HomeOpens in a new window or tab",37900,Brand New ·HP ·512 GB,0,True,29
Panasonic Toughbook CF54 i5 7300U 16GB RAM 1TB SSD Win 11 Pro Touchscreen GPSOpens in a new window or tab,59900,Good - Refurbished ·Panasonic,0,True,110
Lenovo ThinkPad Laptop X260 i5-6300U 2.4GHz 16GB 500GB SSD Webcam Windows 10Opens in a new window or tab,29999,Pre-Owned ·Lenovo ·500 GB,0,True,18
New ListingMicrosoft Surface Pro 7 128GB i3 4GB RAM w/ Keyboard Pen Box ExcellentOpens in a new window or tab,24999,Pre-Owned ·Microsoft ·128 GB,0,False,
"~CLEARANCE SALE~ 11.6"" Lenovo Laptop PC: Intel Celeron! 4GB RAM - 128GB Storage!Opens in a new window or tab",13929,Lightweight! Great for browsing online! Rapid Delivery!,0,True,
"New ListingMicrosoft Surface Pro 7 i7 10th GEN 1065G7 1.3GHz 1.5 GHz, 16 GB 512 SSD {1866}Opens in a new window or tab",35900,Pre-Owned ·Microsoft ·512 GB,0,False,
New ListingMUNBYN Rugged Laptop IRX16 15.6 i5 1235U 16GB DDR5 512GB SSD 1000 NitsOpens in a new window or tab,101900,Open Box ·512 GB,101900,False,
"High-Tech Holiday Deal! 13.3"" DELL PC LAPTOP: 8GB RAM, 256SSD, Backlit KeyboardOpens in a new window or tab",24402,Fast Delivery| Webcam| Windows 11 Pro| FHD,0,True,186
"New ListingPixelbook Go 13.3"" 128GB SSD, Intel Core i5 8th Gen. 1.30GHz, 8GB) ChromebookOpens in a new window or tab",39500,Brand New ·Google,0,False,
"Dell Chromebook 11 3180 11.6"" Intel 1.6GHz 4GB 16GB SSD Laptop , w charger. S3Opens in a new window or tab",2999,Pre-Owned ·Dell ·16 GB,0,False,
Hp ProBook 455 G7 15-inch (2020) - Ryzen 5 4500U - 8 GB - SSD 256 GBOpens in a new window or tab,18000,Pre-Owned ·HP,0,True,86
"Dell Precision 3551 Laptop 2.6 GHz i7-10750H 32GB 256GB SSD 15.6"" NVIDIA P620Opens in a new window or tab",32900,Pre-Owned ·Dell ·256 GB,0,True,117
"Acer Aspire Go 15 15.6"" Laptop AMDRyzen5 16GB RAM 1TB SSD AG15-21PT RefurbishedOpens in a new window or tab",33199,Certified - Refurbished ·Acer,0,True,156
Lenovo ThinkPad T16 Gen 1 Magnesium Intel i7 12th 24GB RAM 512GB HD Windows 11Opens in a new window or tab,38000,Pre-Owned ·Lenovo,38000,False,
"Dell M4600 15.6"" Intel Quad Core 2.5GHz i5-2520M 16GB RAM 480GB SSD Redeon 6700MOpens in a new window or tab",24750,Pre-Owned ·Dell ·480 GB,0,True,
"HP 15-fd0038ca 15.6"" FHD Intel Processor N100 8GB DDR4 512GB SSD W11H Laptop, BKOpens in a new window or tab",18499,Very Good - Refurbished ·HP,0,True,
Dell 16 DC16255 Touch Screen *3.3GHz AMD Ryzen 7 250/16GB RAM/1TB SSD GoodOpens in a new window or tab,37500,Pre-Owned ·Dell ·1 TB,0,False,
"Dell Latitude 5290 2-in-1, 16GB, 128GB, Window 11 Pro, TouchscreenOpens in a new window or tab",10999,Pre-Owned ·Dell,0,True,
"Dell Latitude 5420 14"" Touch Laptop i5-1145G7 16GB RAM 256GB SSD Windows 11 ProOpens in a new window or tab",19895,Pre-Owned ·Dell ·256 GB,0,False,443
"HP ProBook x360 11 G5 Laptop Celeron N4020 4GB 64GB  11.6"" Touch W11 Pro 2 in 1Opens in a new window or tab",8200,FRONT FACING CAMERA ON PALMREST- 100% TESTED COMPLETE,0,False,112
15.6 inch Laptop 16GB RAM DDR4 512GB ROM SSD Windows 11 Computers Bluetooth WiFiOpens in a new window or tab,23888,Brand New,0,True,
"New ListingHP Laptop 17-BY3063ST 17.3"" i3-1005G1 1.2GHz 8GB RAM 256GB SSD 128GB SSDOpens in a new window or tab",16500,Pre-Owned ·HP ·256 GB,0,False,
"HP ProBook 650 G2 15.6"" Core i3 6100u 2.3GHz 16GB RAM 512GB SSD Win 10 ProOpens in a new window or tab",19900,Very Good - Refurbished ·HP,0,True,
"Acer Chromebook Plus 516 16"" Intel i5 120U 8GB RAM 256GB SSD Iris Xe RefurbishedOpens in a new window or tab",29999,Certified - Refurbished ·Acer ·256 GB,0,True,357
Lenovo ThinkPad T490 Intel Core i7 8565u 1.8GHz 32GB RAM 1TB SSD Win 11 ProOpens in a new window or tab,44500,Excellent - Refurbished ·Lenovo,0,True,
"13.3"" Dell Latitude Laptop PC: Intel i5 Quad Core! Backlit Keyboard! TouchScreenOpens in a new window or tab",35116,16GB RAM- 256GB NVME SSD! Windows 11 Pro! FHD 1080P!,0,True,462
"New ListingDell Latitude 7440 14"" FHD Intel Core i7-1370P 16GB RAM 512GB SSD Win 11 ProOpens in a new window or tab",40500,Pre-Owned ·Dell ·512 GB,40500,False,
Lenovo ThinkPad Yoga 11e Intel m3 CPU 8GB RAM 128GB SSD Windows 11 - C-GRADE!Opens in a new window or tab,7222,Pre-Owned ·Lenovo ·128 GB,0,True,83
"DELL Latitude 5350 13.3""Intel Core Ultra 5 135U 1.6 Ghz 32GB Ram 512 GB SSDOpens in a new window or tab",42999,Pre-Owned ·Dell,42999,False,
"Dell Latitude 5410 14"" I5-10310U 1.70GHz 8GB RAM 256GB SSD Win 11 Pro LaptopOpens in a new window or tab",17900,Pre-Owned ·Dell,0,True,
Dell Latitude 5320 I5-1135G7 512GB NvME SSD 16G DDR4 Win11Pro - see descOpens in a new window or tab,16999,Pre-Owned ·Dell,0,False,
"15.6"" Dell Latitude Laptop PC: Intel i3! 16GB RAM! 512 SSD! Windows 10! Webcam!Opens in a new window or tab",18459,"15.6"" HD Display! Built in Webcam! Wi-Fi Ready!",0,True,52
"New ListingLenovo ThinkBook 15 G2 ITL 15.6"" Intel i7-1165G7 @ 2.80GHz 24GB DDR4 256GB SSDOpens in a new window or tab",19800,Pre-Owned ·Lenovo,19800,False,
"HP Elitebook x360 1040 G8 14"" i7 3.0Ghz 32GB 512GB - Grade DOpens in a new window or tab",32500,Pre-Owned ·HP,0,True,
"Dell Latitude 5300 12.5"" Intel Core i5-8th, 1.6GHz, 8GB) 128GBSSD Windows 11proOpens in a new window or tab",13500,Pre-Owned ·Dell ·128 GB,0,False,
HP EliteBook Laptop Computer PC 14 Core i5 16GB RAM 512GB Windows 11 Pro OFFICE!Opens in a new window or tab,25988,Microsoft Office 2021 - One Year Warranty - HDMI - USBC,0,False,
"New ListingDell Latitude 5430 14"" FHD Touch Laptop i7-1265U 16GB | 256GB WIN11POpens in a new window or tab",27999,Pre-Owned ·Dell ·256 GB,0,False,
"Dell Inspiron 7559 15.6"" Laptop i7-6700HQ 128GB SSD+1TB HDD 12GB RAM GTX 960MOpens in a new window or tab",19999,Pre-Owned ·Dell ·1 TB,0,False,
Dell Latitude 9430 14 Core i7 32GB 1TB Gray 2022 - Very GoodOpens in a new window or tab,47999,Very Good - Refurbished ·Dell ·1 TB,0,True,
"Dell Latitude 5400 Chrome 14"" Intel Celeron 4305U 8GB DDR4 256GB SSD ChromeOSOpens in a new window or tab",10498,Non-Touchscreen - Non-Backlit Keyboard *RFB*,0,True,
"Dell Latitude 3120  11.6"" Laptop Pentium N6000  8GB RAM 256GB SSD  Win 11 ProOpens in a new window or tab",10800,Pre-Owned ·Dell ·256 GB,0,False,50
Hp 350 G1 LaptopOpens in a new window or tab,19998,Brand New ·HP,19998,False,
Panasonic  CF-20 Core i5 7Y57 8GB RAM 256GB Hard Drive MK2  *PLEASE READ*Opens in a new window or tab,12222,GOOD CONDITION,12222,False,
"Dell Chromebook 3100 11.6"" Laptop / TESTED WORKING / Webcam w/chargerOpens in a new window or tab",4900,USB C CHARGER INCLUDED,0,True,1075
"Dell Latitude 5300 2-in-1 Laptop 13.3""  i7-8665U  16GB RAM 256GB SSD Win 11 ProOpens in a new window or tab",18795,Pre-Owned ·Dell ·256 GB,0,False,28
"New ListingDell Precision 5530 - i9, 32GB, 512GB SSD, NVidia Quadro P2000, 4K TOUCHSCREENOpens in a new window or tab",100,Parts Only ·Dell ·512 GB,100,False,
"Microsoft Surface Laptop 3 13.5"" Touch Intel i7-1065G7 16GB 256GB SSD - BlackOpens in a new window or tab",25999,Pre-Owned ·Microsoft,0,True,345
"Lenovo IdeaPad 1 15.6"" HD Quad-Core Celeron N6000 12GB 128GB eMMC Cam Windows 11Opens in a new window or tab",19900,Certified - Refurbished ·Lenovo,0,True,
"New ListingHP EliteBook 840 G5 | 14"" | i5-8350U 1.70GHz | 16GB RAM 512GB NVMe | WIN 11 PROOpens in a new window or tab",15999,Pre-Owned ·HP,15999,False,
"New ListingLot of 2 Lenovo ThinkPad X1 Carbon 9th Gen, i7-1185G7, 16GB RAM, Grade C, A7Opens in a new window or tab",60000,Pre-Owned ·Lenovo,0,False,
Dell 16 Plus DB16250 16 Silver FHD 3.3 GHz Ultra 9 288V 32GB 1TB SSD Ob AOpens in a new window or tab,67500,Open Box ·Dell ·1 TB,0,False,
"Maxvelth Laptop 14"" 32gb 1TB Pentium Gold 6500Y, FHD Display, 5000mAh - SEALED!Opens in a new window or tab",24999,Brand New ·1 TB,0,True,
Lenovo IdeaPad Gaming 3 Ryzen 7 5800H 3.19GHz 16GB DDR4 512GB SSD Black NO OSOpens in a new window or tab,44999,Pre-Owned ·Lenovo,0,True,
"Dell Precision 5540 15.6"" FHD i7-9850H 16GB 512gb SSD W11 P T1000 Laptop gamingOpens in a new window or tab",36999,Excellent - Refurbished ·Dell,0,True,
"Dell Latitude 3500 15"" i5 8265u 1.6GHz 256GB NVMe SSD 16GB Windows 11 ProOpens in a new window or tab",15999,Pre-Owned ·Dell,0,False,
"HP 15.6"" Touch Laptop, 13th Gen Intel i3, 16GB RAM & 512BG SSD Win 11 Pro+OfficeOpens in a new window or tab",43900,Open Box ·HP ·512 GB,0,True,15
"DELL PRECISION 7560 15.6"" i5-11500H 2.9GHz 32GB/512GB m2 SSD UBUNTU Laptop + ACOpens in a new window or tab",28499,Pre-Owned ·Dell,0,True,
"Dell Latitude 5410 14"" Laptop i7-10610U 16GB RAM 256GB SSD Wind 11 Pro WIFI HDMIOpens in a new window or tab",22500,Pre-Owned ·Dell ·256 GB,0,False,
"Microsoft Surface Laptop 4 15"" Touchscreen i7-1185G7 32GB 1TB SSD Windows 11Opens in a new window or tab",43670,Good - Refurbished ·Microsoft,0,True,
MICROSOFT SURFACE BOOK 3 | i7-1065G7 | 512GB | 32GB | GTX 1650 | WINDOWS 11 PROOpens in a new window or tab,41999,Pre-Owned ·Microsoft,0,True,
"Dell Latitude 5411 Laptop i5-10400H 2.6GHz 16GB 256GB SSD 14"" No OS *See Detail*Opens in a new window or tab",14499,Pre-Owned ·Dell,0,False,
"Lenovo IdeaPad Flex 5 14"" FHD+ Chrome 14IAU7 Laptop i5-1334U 8GB RAM 256GB Ob AOpens in a new window or tab",19500,Open Box ·Lenovo ·256 GB,0,False,
"HP Elitebook 745 G6 14"" 16GB 256GB, SilverOpens in a new window or tab",19705,Excellent - Refurbished ·HP ·256 GB,0,True,
"Acer Chromebook CB714-1W 14"" FullHD Intel Core I3-8130U RAM 8Gb eMMC 64GbOpens in a new window or tab",14499,Open Box ·Acer ·64 GB,0,True,
"Dell Latitude 5491 14""  8th i7-2.6GHz 16GB RAM 256SS NVIDIA Geforce Max130Opens in a new window or tab",18900,Pre-Owned ·Dell ·256 GB,0,False,
